,Company,Industry,Est.Year,RevenueinCr,Rev%chng,NOIinCr,NOI%chng,ProfitinCr,Profit%chng,AssetsinCr,Assets%chng,NetWorthinCr,Netwrth%chng,EquityDividendinCr,EquityDividend%chng,EmployeeCostinCr,EmployeeCost%chng,RevProfitRatio,AssetsProfitRatio,NetwrtProfitRatio
0,Reliance Industries,Oil & Gas,1973.0,580553.0,41.5,567135.0,44.8,39588.0,9.74,719829.0,31.28,387112.0,31.89,0.0,0.0,12488.0,31.14,6.82,5.5,10.23
1,Indian Oil Corporation,Oil & Gas,1959.0,535793.18,26.26,528148.93,25.3,17376.7,-21.69,215539.11,15.89,112469.24,-1.23,7775.62,-13.65,11596.28,8.57,3.24,8.06,15.45
2,Oil & Natural Gas Corporation,Oil & Gas,,436057.04,30.89,421385.29,30.58,30494.96,37.95,373902.1,5.83,218140.77,6.92,0.0,0.0,15852.07,5.89,6.99,8.16,13.98
3,State Bank of India,Banking,1955.0,330687.36,7.88,253322.14,10.64,2299.64,0.0,3734917.0,8.53,209841.72,2.13,0.0,0.0,43795.01,23.68,0.7,0.06,1.1
4,Tata Motors,Auto,1945.0,303227.41,0.68,301938.4,3.56,-28826.23,0.0,195447.73,-6.82,60179.56,-36.94,0.0,0.0,33243.87,9.72,-9.51,-14.75,0.0
5,Bharat Petroleum Corporation,Oil & Gas,1952.0,302806.71,26.88,298225.59,26.42,7802.3,-13.39,87552.17,12.57,38764.72,5.86,2386.18,-21.43,3984.81,6.3,2.58,8.91,20.13
6,Rajesh Exports,Gems & Jewellery,1995.0,175830.66,-6.35,175763.12,-6.35,1292.13,2.08,15172.75,-6.02,8840.05,23.21,0.0,0.0,152.19,3.67,0.73,8.52,14.62
7,Tata Steel,Iron & Steel,1907.0,159835.46,15.57,157668.78,27.93,10218.33,-23.94,180561.86,10.85,68925.08,13.23,0.0,0.0,18758.87,10.54,6.39,5.66,14.83
8,Coal India,Metals & Mining,1973.0,152271.3,14.84,147253.81,13.89,17461.85,148.09,87644.32,12.89,26453.92,31.1,8105.58,-20.86,38801.97,-9.02,11.47,19.92,66.01
9,Tata Consultancy Services,Infotech,1995.0,150774.0,18.96,146463.0,18.98,31472.0,21.86,91835.0,4.97,89254.0,4.74,0.0,0.0,78246.0,17.85,20.87,34.27,35.26
10,Larsen & Toubro,Capital Goods,1946.0,144021.04,17.32,141007.09,17.82,8905.13,20.83,195668.3,16.07,62374.8,13.61,0.0,0.0,18100.58,18.53,6.18,4.55,14.28
11,ICICI Bank,Banking,1994.0,131306.5,10.37,71981.65,15.8,4254.24,-44.84,1164853.75,9.55,111183.41,3.33,0.0,0.0,9425.26,13.1,3.24,0.37,3.83
12,Hindalco Industries,Metals & Mining,1958.0,131284.2,9.0,130542.25,13.33,5495.67,-9.65,118822.69,2.97,57501.73,4.83,0.0,0.0,9076.73,4.83,4.19,4.63,9.56
13,HDFC Bank,Banking,1994.0,124107.79,22.46,105160.74,23.3,22332.43,20.65,1234409.91,17.03,153672.66,40.21,0.0,0.0,10451.15,13.67,17.99,1.81,14.53
14,Mahindra & Mahindra,Auto,1945.0,109482.57,13.6,104720.68,13.71,5315.46,-29.23,129799.06,19.56,39983.41,8.72,0.0,0.0,11563.89,15.59,4.86,4.1,13.29
15,HDFC,NBFC,1977.0,103584.69,20.79,95693.52,20.41,16231.76,35.49,505717.02,16.49,111733.14,21.62,3381.9,13.72,2967.37,-12.58,15.67,3.21,14.53
16,NTPC,Power,1975.0,98274.63,4.8,95742.03,8.69,12640.02,19.88,277391.89,15.78,110036.99,6.25,2951.88,31.14,6041.52,4.92,12.86,4.56,11.49
17,Vedanta,Metals & Mining,1965.0,96314.0,-5.31,92048.0,0.2,7065.0,-31.69,152423.0,5.49,62297.0,-1.6,7005.0,-11.12,3023.0,21.11,7.34,4.64,11.34
18,Maruti Suzuki India,Auto,1981.0,88574.2,8.05,86068.5,7.84,7649.1,-2.93,49345.9,11.37,47092.1,10.65,0.0,0.0,3285.0,14.72,8.64,15.5,16.24
19,Nayara Energy,Oil & gas,1989.0,87519.0,19.86,85622.7,20.88,678.9,17.93,48224.0,5.79,18953.3,4.13,0.0,0.0,535.7,7.55,0.78,1.41,3.58
20,Bharti Airtel,Telecommunication,1995.0,86581.3,1.08,80780.2,-2.25,409.5,-62.74,219195.8,10.89,71422.2,2.71,1204.8,-11.83,3797.5,-4.52,0.47,0.19,0.57
21,Infosys,Infotech,1981.0,85557.0,15.88,82675.0,17.23,15404.0,-3.9,65428.0,0.28,64948.0,0.04,0.0,0.0,45315.0,16.51,18.0,23.54,23.72
22,JSW Steel,Iron & Steel,1994.0,85551.0,18.99,84757.0,17.83,7639.0,22.93,86753.0,27.35,34795.0,24.28,0.0,0.0,2489.0,35.05,8.93,8.81,21.95
23,GAIL (India),Oil & Gas,1984.0,78729.49,41.85,76189.89,39.81,6545.74,36.4,53676.64,12.14,46004.1,10.38,1409.42,8.93,2078.84,39.45,8.31,12.19,14.23
24,Grasim Industries,Diversified,1947.0,74098.13,29.75,72970.64,30.55,1771.92,-33.85,203480.5,9.36,55773.23,-2.77,0.0,0.0,5193.42,30.08,2.39,0.87,3.18
25,Steel Authority of India,Iron & Steel,1973.0,70407.04,21.63,66973.49,16.48,2348.71,0.0,90702.47,3.48,39646.15,7.31,0.0,0.0,8949.82,-1.87,3.34,2.59,5.92
26,Axis Bank,Banking,1993.0,70232.4,20.1,56043.65,20.23,5038.59,1005.39,779882.99,15.42,67802.62,5.6,0.0,0.0,5989.87,10.63,7.17,0.65,7.43
27,Motherson Sumi Systems,Auto Ancillaries,1986.0,64021.3,12.64,63522.9,12.82,1613.1,1.01,27298.1,11.68,10962.7,10.91,0.0,0.0,14169.4,28.02,2.52,5.91,14.71
28,Wipro,Infotech,1945.0,61700.0,8.27,59018.9,8.32,9003.7,12.51,68261.3,6.6,56422.6,17.73,450.5,0.13,29977.4,10.12,14.59,13.19,15.96
29,HCL Technologies,Infotech,1991.0,61289.0,18.56,60427.0,19.49,10120.0,16.04,47268.0,24.06,41366.0,13.69,1099.0,-34.23,29283.0,18.42,16.51,21.41,24.46
30,Bank of Baroda,Banking,1908.0,60793.3,12.48,52906.25,14.87,1100.1,0.0,789793.71,9.82,54996.12,18.1,0.0,0.0,5434.12,10.86,1.81,0.14,2.0
31,Punjab National Bank,Banking,1895.0,59514.52,3.31,52147.14,7.02,-9570.11,0.0,774220.28,2.47,41615.28,10.0,0.0,0.0,7047.54,-23.75,-16.08,-1.24,0.0
32,Canara Bank,Banking,1906.0,54269.14,11.34,46896.72,13.43,601.85,0.0,678522.77,12.87,31241.06,2.86,0.0,0.0,5962.84,4.62,1.11,0.09,1.93
33,Power Finance Corporation,NBFC,1986.0,54201.08,11.37,54113.94,11.29,9920.86,48.32,603181.83,21.45,47121.25,18.29,1325.29,-57.3,362.66,-3.07,18.3,1.64,21.05
34,ITC,FMCG,1910.0,50741.36,13.58,48352.68,11.29,12592.33,11.72,59739.65,12.42,59140.87,12.63,0.0,0.0,4177.88,11.09,24.82,21.08,21.29
35,Jindal Steel & Power,Iron & Steel,1979.0,47207.39,40.52,46965.74,40.82,-1645.34,0.0,72436.31,-3.1,32427.64,6.72,0.0,0.0,1071.85,12.16,-3.49,-2.27,0.0
36,Bank of India,Banking,1906.0,46268.85,4.78,41004.82,7.03,-5426.57,0.0,614634.26,1.84,41327.63,32.67,0.0,0.0,6081.82,22.54,-11.73,-0.88,0.0
37,Kotak Mahindra Bank,Banking,1985.0,45979.11,18.46,29934.76,19.11,7204.13,16.18,376962.81,16.8,57781.81,14.45,0.0,0.0,4850.9,10.73,15.67,1.91,12.47
38,General Insurance Corporation of India,Insurance,1972.0,45073.27,3.5,38250.07,0.14,2757.57,-12.33,55916.34,3.57,25492.37,5.54,0.0,0.0,123.78,14.72,6.12,4.93,10.82
39,Hyundai Motor India,Auto,1996.0,43944.45,9.87,43258.09,9.98,2581.73,21.54,16249.07,16.38,13750.86,23.06,0.0,0.0,1139.57,15.44,5.87,15.89,18.78
40,Bajaj Finserv,NBFC,2007.0,42606.93,29.65,42605.4,29.65,3219.04,21.46,137993.18,40.44,23765.92,16.03,27.85,0.0,3801.77,38.51,7.56,2.33,13.54
41,Vodafone Idea,Telecommunication,1995.0,41367.7,42.87,37092.5,31.17,-14603.9,0.0,197037.7,121.59,59634.8,118.74,0.0,0.0,2294.4,48.7,-35.3,-7.41,0.0
42,Hindustan Unilever,FMCG,1933.0,39848.0,10.42,39310.0,10.59,6054.0,16.11,10061.0,12.1,7867.0,8.05,0.0,0.0,1875.0,0.81,15.19,60.17,76.95
43,Union Bank of India,Banking,1919.0,39355.38,8.57,34313.67,6.18,-2922.35,0.0,487616.05,22.58,24600.85,7.38,0.0,0.0,3237.23,-14.09,-7.43,-0.6,0.0
44,UltraTech Cement,Cement,2000.0,37938.26,19.76,37379.2,20.66,2434.72,9.56,51391.9,11.55,28388.95,7.61,0.0,0.0,2058.79,13.73,6.42,4.74,8.58
45,Power Grid Corporation of India,Power,1989.0,36149.01,6.23,35059.12,17.04,10033.52,22.3,219771.03,14.15,59088.39,8.57,3050.02,137.96,2300.54,6.99,27.76,4.57,16.98
46,Tech Mahindra,Infotech,1986.0,35276.3,9.59,34742.1,12.9,4297.6,13.1,24901.5,3.15,20284.4,7.65,0.0,0.0,17507.9,5.32,12.18,17.26,21.19
47,Hero MotoCorp,Auto,1984.0,34777.35,4.94,33970.82,4.66,3444.09,-7.43,13668.96,10.13,13120.41,9.6,1098.5,0.01,1778.03,12.27,9.9,25.2,26.25
48,Ashok Leyland,Auto,1948.0,34715.19,19.26,33620.65,11.87,2078.7,18.08,29706.55,20.8,8745.57,17.86,0.0,0.0,2697.15,17.96,5.99,7.0,23.77
49,Yes Bank,Banking,2003.0,34299.28,34.18,29623.8,46.16,1709.27,-59.62,362869.43,20.42,26887.41,4.41,0.0,0.0,2538.11,13.58,4.98,0.47,6.36
50,Reliance Infrastructure,Power,1929.0,33748.17,48.01,20361.34,8.72,-2426.82,0.0,39865.26,-35.69,14175.74,-40.14,0.0,0.0,1094.3,-4.89,-7.19,-6.09,0.0
51,Tata Power Company,Power,1919.0,33388.62,8.68,29558.64,10.13,2190.94,-9.03,71815.01,2.15,18221.16,11.11,0.0,0.0,1488.55,0.92,6.56,3.05,12.02
52,Bajaj Auto,Auto,2007.0,32553.14,22.13,30249.96,19.95,4927.61,16.8,23417.97,13.1,23233.81,13.75,0.0,0.0,1256.89,17.52,15.14,21.04,21.21
53,Bharat Heavy Electricals,Capital Goods,1964.0,32100.84,11.59,30367.65,5.34,1011.84,129.36,43367.13,4.1,30872.38,-4.52,278.57,-5.15,6268.92,3.18,3.15,2.33,3.28
54,Sun Pharmaceuticals Industries,Drugs,1993.0,30524.51,12.65,29065.91,9.73,2665.42,27.19,56241.66,6.02,41409.06,8.08,0.0,0.0,5967.09,11.18,8.73,4.74,6.44
55,NABARD,Banking,,29899.2,21.56,29660.88,21.87,3415.53,13.63,475001.44,20.37,66934.74,8.91,0.0,0.0,1587.35,-4.26,11.42,0.72,5.1
56,Interglobe Aviation,Airline Services,2004.0,29822.03,24.43,28496.77,23.79,157.25,-92.99,16969.68,15.84,6945.81,-1.86,0.0,0.0,3210.56,30.78,0.53,0.93,2.26
57,IFFCO,Fert,1967.0,29696.79,27.14,27851.74,33.98,841.58,-10.2,31084.64,16.79,10057.74,11.06,0.0,0.0,1174.04,-9.06,2.83,2.71,8.37
58,IndusInd Bank,Banking,1994.0,27907.87,26.68,22261.15,28.82,3300.75,-8.47,268876.27,25.78,26361.7,12.27,0.0,0.0,1853.51,4.09,11.83,1.23,12.52
59,New India Assurance Company,Insurance,1919.0,27615.29,10.07,21524.42,8.72,604.71,-72.39,38904.55,-0.63,16521.0,2.24,0.0,0.0,2919.07,27.8,2.19,1.55,3.66
60,Honda Motorcycle & Scooter India,Auto,2001.0,26656.31,0.91,25920.47,1.06,1781.16,-10.18,7666.84,-3.67,7124.95,-6.19,0.0,0.0,1510.25,9.14,6.68,23.23,25.0
61,Ambuja Cements,Cement,1981.0,26626.63,10.84,26040.94,10.3,2177.4,43.59,27831.19,9.17,22370.48,8.22,0.0,0.0,1524.37,0.87,8.18,7.82,9.73
62,Adani Power,Power,1996.0,26361.63,24.98,23884.18,17.63,-984.4,0.0,60215.74,1.11,7712.29,767.2,0.0,0.0,363.28,2.7,-3.73,-1.63,0.0
63,IDBI Bank,Banking,1964.0,25637.43,-15.37,22102.1,-4.1,-14986.76,0.0,310921.53,-6.62,31619.01,87.6,0.0,0.0,2317.79,21.97,-58.46,-4.82,0.0
64,Central Bank of India,Banking,1911.0,25164.95,-6.04,22748.62,-5.85,-5616.93,0.0,325390.55,1.8,16321.44,8.23,0.0,0.0,3574.48,-10.42,-22.32,-1.73,0.0
65,Syndicate Bank,Banking,1925.0,23949.23,-2.57,21725.41,-0.23,-2524.2,0.0,304263.42,-4.6,17078.44,13.69,0.0,0.0,4071.21,12.93,-10.54,-0.83,0.0
66,Future Retail,Retail Trade,2007.0,22903.16,10.11,22224.63,10.54,727.03,6328.21,6709.79,47.36,3846.65,24.23,0.0,0.0,1090.17,17.23,3.17,10.84,18.9
67,Avenue Supermarts,Retail Trade,2000.0,22448.11,33.59,21955.11,33.02,902.54,11.94,6289.99,23.08,5587.45,19.67,0.0,0.0,355.42,25.77,4.02,14.35,16.15
68,Andhra Bank,Banking,1923.0,22290.98,4.63,19202.88,5.46,-2742.0,0.0,243499.25,2.59,12371.96,22.48,0.0,0.0,2301.46,20.72,-12.3,-1.13,0.0
69,UPL,Fert,1985.0,22091.0,24.16,21837.0,25.66,1447.0,-28.44,47299.0,194.18,14645.0,59.72,0.0,0.0,2095.0,22.3,6.55,3.06,9.88
70,Indian Overseas Bank,Banking,1937.0,21837.58,0.81,17631.26,-1.58,-3737.88,0.0,245039.99,2.38,13874.89,24.21,0.0,0.0,2646.85,-11.6,-17.12,-1.53,0.0
71,Sundaram Clayton,Auto Ancillaries,1962.0,21664.45,22.56,21547.89,23.05,432.14,27.8,14042.27,27.13,2473.79,14.98,72.83,139.97,1713.41,22.0,1.99,3.08,17.47
72,Indian Bank,Banking,1907.0,21073.5,7.89,19182.06,12.08,380.13,-70.99,273914.26,11.01,16620.41,3.27,0.0,0.0,2227.54,5.84,1.8,0.14,2.29
73,Titan Company,Gems & Jewellery,1984.0,20737.87,20.66,19778.52,22.7,1404.15,24.25,8609.22,24.83,6070.15,19.26,0.0,0.0,1019.27,13.03,6.77,16.31,23.13
74,Reliance Capital,NBFC,1986.0,20693.0,9.57,20453.0,9.23,-1513.0,0.0,48705.0,-3.21,-949.0,-193.68,345.0,30.19,1523.0,11.99,-7.31,-3.11,0.0
75,Oriental Bank of Commerce,Banking,1943.0,20536.77,1.76,17867.69,2.75,54.99,0.0,265665.98,16.1,17399.93,67.59,0.0,0.0,2397.62,36.49,0.27,0.02,0.32
76,Aurobindo Pharma,Drugs,1986.0,20397.12,19.63,19563.55,18.83,2364.73,-2.41,20916.97,26.63,13890.78,18.92,0.0,0.0,2584.87,21.31,11.59,11.31,17.02
77,TVS Motor Company,Auto,1992.0,20266.08,23.52,20159.99,23.38,704.67,8.02,12803.63,29.69,3170.17,18.41,166.28,6.06,1432.15,24.56,3.48,5.5,22.23
78,Toyota Kirloskar Motor,Auto,1997.0,20101.69,10.07,19633.38,8.56,407.67,-57.79,7348.53,-3.08,2708.97,-6.07,0.0,0.0,1014.12,2.7,2.03,5.55,15.05
79,Asian Paints,FMCG,1945.0,19902.68,16.95,19341.52,14.96,2159.49,5.91,10672.29,13.29,9519.69,13.19,0.0,0.0,1270.02,13.85,10.85,20.23,22.68
80,Max Financial Services,Diversified,1988.0,19501.23,19.36,19498.29,19.35,262.56,-8.32,64848.76,20.76,2059.04,13.18,0.0,0.0,84.37,126.98,1.35,0.4,12.75
81,Hindustan Aeronautics,Capital Goods,1963.0,19103.2,2.89,19893.88,7.42,2265.02,13.79,25395.69,18.56,10855.71,14.14,662.09,-38.46,4311.03,0.01,11.86,8.92,20.86
82,Allahabad Bank,Banking,1865.0,18806.39,-3.5,16915.78,3.15,-8457.37,0.0,243117.46,-1.64,16291.7,34.02,0.0,0.0,2551.15,17.1,-44.97,-3.48,0.0
83,Apollo Tyres,Tyres & Tubes,1972.0,18142.47,20.11,17548.84,18.23,679.84,-6.08,15767.77,2.97,7638.04,-21.85,0.0,0.0,2456.21,13.89,3.75,4.31,8.9
84,EID Parry (India),Sugar,1975.0,17713.42,10.37,16565.39,7.76,153.49,-40.0,9609.28,9.96,3127.9,5.32,0.0,0.0,594.84,12.3,0.87,1.6,4.91
85,Corporation Bank,Banking,1906.0,17504.09,-12.25,15622.65,-11.38,-6325.3,0.0,209572.88,-3.14,15712.34,53.43,0.0,0.0,1747.47,9.67,-36.14,-3.02,0.0
86,LIC Housing Finance,NBFC,1989.0,17395.58,16.93,17395.58,16.93,2433.95,21.22,192660.96,16.6,16330.82,14.11,343.17,9.68,274.58,12.03,13.99,1.26,14.9
87,Lupin,Drugs,1983.0,17259.38,9.32,16718.18,5.83,606.55,141.4,23385.65,8.05,13742.23,1.22,0.0,0.0,3151.29,10.0,3.51,2.59,4.41
88,MRF,Tyres & Tubes,1960.0,17098.02,12.43,16062.46,7.41,1130.6,-0.09,13588.21,12.18,10837.35,11.29,0.0,0.0,1165.28,6.68,6.61,8.32,10.43
89,Indiabulls Housing Finance,NBFC,2005.0,17027.04,13.83,17020.01,13.83,4090.53,5.01,122906.0,-2.37,16482.12,14.79,1707.39,-2.11,777.45,20.52,24.02,3.33,24.82
90,Cipla,Drugs,1935.0,16791.94,6.64,16362.41,7.96,1527.7,8.31,20252.65,6.81,15012.28,5.5,0.0,0.0,2856.53,6.19,9.1,7.54,10.18
91,Honda Cars India,Auto,1995.0,16593.87,6.67,16412.9,4.57,1141.78,133.19,5402.37,1.93,3499.18,46.71,0.0,0.0,889.26,10.15,6.88,21.13,32.63
92,Tata Communications,Telecommunication,1986.0,16587.45,-2.61,16524.95,-1.47,-82.37,0.0,13639.17,2.18,-181.81,-136.41,0.0,0.0,2959.66,-0.6,-0.5,-0.6,0.0
93,Oil India,Oil & Gas,1959.0,16084.34,28.79,13780.45,28.82,3237.8,18.4,44954.05,6.39,28974.47,-0.19,964.67,-8.93,2037.02,-6.69,20.13,7.2,11.17
94,Dr Reddys Laboratories,Drugs,1984.0,16061.1,10.94,15448.2,8.17,1950.0,105.96,18159.1,0.78,14023.6,11.55,0.0,0.0,3356.2,4.4,12.14,10.74,13.91
95,UCO Bank,Banking,1943.0,15844.14,4.64,14330.63,2.21,-4321.08,0.0,223621.5,6.87,15041.3,19.32,0.0,0.0,1946.22,5.67,-27.27,-1.93,0.0
96,Nirma,FMCG,1980.0,15555.43,9.11,15334.58,8.78,993.72,26.09,20773.24,2.34,11276.39,11.03,0.0,0.0,1190.62,6.91,6.39,4.78,8.81
97,Shriram Transport Finance Company,NBFC,1979.0,15545.7,14.06,15529.1,15.01,2575.68,1.05,104164.38,8.35,15962.76,16.6,249.57,0.0,883.05,18.58,16.57,2.47,16.14
98,Aditya Birla Capital,NBFC,2007.0,15397.81,31.57,15167.61,31.59,870.94,25.67,106420.41,16.98,9512.35,11.41,0.0,0.0,788.45,20.9,5.66,0.82,9.16
99,PTC India,Power,1999.0,15285.28,18.37,15144.59,18.63,425.28,112.69,18090.07,7.76,3961.93,6.53,0.0,0.0,49.93,3.57,2.78,2.35,10.73
100,Citibank,Banking,1902.0,15237.84,9.55,11410.01,8.92,4185.3,22.99,170027.91,11.15,23843.58,7.16,0.0,0.0,1333.06,3.55,27.47,2.46,17.55
101,ACC,Cement,1936.0,15079.58,12.2,14801.62,11.41,1520.47,64.48,10675.22,12.35,10531.9,12.57,0.0,0.0,883.58,7.58,10.08,14.24,14.44
102,Exide Industries,Storage Batteries,1947.0,14925.75,14.39,14720.88,14.93,845.55,22.37,18962.71,13.75,6106.86,12.48,136.0,0.0,1034.25,7.5,5.67,4.46,13.85
103,Jindal Stainless,Iron & Steel,1980.0,13870.85,19.61,13557.33,16.49,142.38,-58.49,7367.54,-6.76,2526.54,5.26,0.0,0.0,211.91,7.96,1.03,1.93,5.64
104,Piramal Enterprises,Diversified,1947.0,13523.05,24.11,13215.34,24.31,1473.09,-71.24,83529.27,17.68,27253.03,2.6,0.0,0.0,2250.35,13.19,10.89,1.76,5.41
105,Cadila Healthcare,Drugs,1995.0,13476.4,9.27,13165.6,10.59,1848.8,4.11,19838.0,36.33,10386.3,18.78,0.0,0.0,2124.1,14.54,13.72,9.32,17.8
106,Torrent Power,Power,2004.0,13378.37,13.47,13169.2,14.24,898.94,-4.6,20945.78,9.86,8970.23,16.2,0.0,0.0,679.27,4.86,6.72,4.29,10.02
107,National Fertilizer,Fert,1974.0,13320.1,48.04,12245.24,36.93,295.08,38.69,11494.29,43.85,2213.8,11.5,0.0,0.0,556.01,-23.28,2.22,2.57,13.33
108,L&T Finance Holdings,NBFC,2008.0,13301.52,29.57,12989.72,27.17,2226.3,77.44,105268.97,20.99,13448.6,17.9,199.71,37.03,824.73,101.79,16.74,2.11,16.55
109,Siemens,Capital Goods,1957.0,13167.6,11.56,12795.3,15.64,901.2,-20.72,8574.8,7.82,8298.9,7.91,0.0,0.0,1457.3,3.91,6.84,10.51,10.86
110,IDFC First Bank,Banking,2014.0,13142.66,28.62,12204.02,34.13,-1907.88,0.0,158536.35,31.46,18199.37,19.15,0.0,0.0,1279.37,62.69,-14.52,-1.2,0.0
111,Bosch,Auto Ancillaries,1951.0,13038.5,7.2,12257.9,4.86,1598.3,16.57,9470.1,-8.94,9117.8,-8.57,0.0,0.0,1370.4,1.02,12.26,16.88,17.53
112,Federal Bank,Banking,1931.0,12970.66,17.12,11635.44,17.35,1316.29,40.71,157163.94,15.08,13493.25,9.98,0.0,0.0,1425.66,11.66,10.15,0.84,9.76
113,Dewan Housing Finance Corporation,NBFC,1984.0,12911.66,18.55,12882.14,18.74,-965.91,0.0,102099.54,0.95,7937.37,-11.79,78.41,-58.33,485.33,31.08,-7.48,-0.95,0.0
114,NCC,Engg,1990.0,12867.31,49.42,12895.64,53.69,578.69,243.17,7878.2,16.71,4595.37,12.56,0.0,0.0,495.16,9.23,4.5,7.35,12.59
115,Shree Cement,Cement,1979.0,12844.35,25.67,12554.65,27.68,1006.39,-27.29,13859.85,3.67,9670.75,8.7,87.09,25.0,767.18,30.46,7.84,7.26,10.41
116,NMDC,Metals & Mining,1958.0,12820.85,3.59,12152.67,4.63,4618.84,21.28,27190.56,6.02,26044.0,6.66,1690.14,24.23,1039.4,-0.94,36.03,16.99,17.73
117,Jindal Saw,Iron & Steel,1984.0,12749.19,43.37,12117.0,42.44,850.16,376.28,11848.29,0.34,6282.36,14.3,0.0,0.0,914.17,20.72,6.67,7.18,13.53
118,Rain Industries,Basic Materials,1974.0,12531.01,24.38,12239.41,26.69,581.63,-23.83,13593.25,9.23,4622.74,17.21,0.0,0.0,1235.52,16.29,4.64,4.28,12.58
119,Bank of Maharashtra,Banking,1935.0,12417.92,-1.73,10849.69,-2.22,-4763.25,0.0,156668.48,2.33,4509.98,-49.54,0.0,0.0,1794.78,10.88,-38.36,-3.04,0.0
120,Bharat Electronics,Capital Goods,1954.0,12367.84,21.42,12164.17,16.95,1886.4,31.76,10405.46,14.2,9211.5,14.92,0.0,0.0,1895.63,6.02,15.25,18.13,20.48
121,Standard Chartered Bank,Banking,1960.0,12341.5,7.67,10500.05,9.2,2168.55,13.47,143833.88,15.71,27218.41,4.79,0.0,0.0,1570.87,3.32,17.57,1.51,7.97
122,Adani Ports & Special Economic Zone,Infra Development,1998.0,12287.78,-0.37,10925.44,-3.51,3990.22,8.62,53622.08,19.69,24372.32,16.6,0.0,0.0,529.81,18.44,32.47,7.44,16.37
123,Varroc Engineering,Auto Ancillaries,1988.0,12214.66,17.26,12036.47,17.1,446.32,-0.88,5686.76,35.87,3087.1,9.21,0.84,-88.66,1501.49,14.31,3.65,7.85,14.46
124,Tata Chemicals,Basic Materials,1939.0,12175.46,12.35,11489.46,9.84,1155.91,-52.49,23019.62,6.09,12341.27,11.17,0.0,0.0,1351.8,6.42,9.49,5.02,9.37
125,Bombay Burmah Trading Corporation,Diversified,1863.0,12161.12,16.55,11423.2,11.58,888.67,220.36,7937.88,17.95,4763.75,20.19,0.0,0.0,578.58,9.06,7.31,11.2,18.65
126,HSBC,Banking,1865.0,11938.29,14.01,9974.58,13.74,2565.63,10.94,159042.61,18.1,23081.31,9.28,0.0,0.0,1002.8,14.58,21.49,1.61,11.12
127,National Aluminium Company,Metals & Mining,1981.0,11831.56,11.28,11499.32,20.93,1733.69,29.17,11178.39,1.02,10484.94,-0.18,839.53,-7.59,2072.28,-8.35,14.65,15.51,16.54
128,NLC India,Power,,11804.04,-0.82,9905.2,-12.47,1507.71,-22.39,38272.38,16.87,12769.45,-4.36,628.15,-3.21,3237.41,-3.11,12.77,3.94,11.81
129,Nestle India,FMCG,1959.0,11557.2,12.58,11292.27,12.81,1606.93,31.16,6174.31,7.42,3673.74,7.4,867.74,42.86,1124.15,10.49,13.9,26.03,43.74
130,CESC,Power,1978.0,11508.98,7.27,10664.14,3.79,1183.98,29.74,27314.26,0.2,8973.84,6.58,279.66,46.07,1235.77,9.33,10.29,4.33,13.19
131,Britannia Industries,FMCG,1918.0,11316.3,12.33,11054.67,11.51,1159.12,15.42,4480.64,22.55,4253.25,24.87,0.0,0.0,441.82,10.01,10.24,25.87,27.25
132,KEC International,Capital Goods,2005.0,10967.22,7.73,11000.53,9.43,495.77,7.68,4288.46,13.41,2435.1,21.91,0.0,0.0,832.19,4.24,4.52,11.56,20.36
133,United Bank of India,Banking,1950.0,10944.46,3.68,8559.88,2.62,-2315.93,0.0,148685.91,5.22,10575.1,36.83,0.0,0.0,1954.49,14.12,-21.16,-1.56,0.0
134,Chambal Fertilisers & Chemicals,Fert,1985.0,10887.45,41.78,10177.36,34.96,590.21,18.32,11841.26,39.24,2883.25,15.07,0.0,0.0,166.46,11.43,5.42,4.98,20.47
135,Edelweiss Financial Services,Securities Trading,1995.0,10881.75,21.98,10820.14,21.87,995.17,15.29,58701.1,-0.58,7676.98,11.53,124.12,7.69,1649.99,20.07,9.15,1.7,12.96
136,Kalpataru Power Transmission,Capital Goods,1981.0,10879.99,24.27,10840.48,24.47,466.75,66.29,8132.85,11.22,3119.47,16.69,0.0,0.0,788.54,23.57,4.29,5.74,14.96
137,NHPC,Power,1975.0,10760.19,19.89,9027.49,15.88,2595.61,3.25,57824.51,6.08,30797.81,2.52,713.2,-37.93,2150.46,12.61,24.12,4.49,8.43
138,SIDBI,NBFC,,10754.02,45.6,10628.37,49.29,1959.28,24.24,163711.73,39.77,17089.47,11.94,136.97,19.77,368.87,-2.96,18.22,1.2,11.46
139,JK Tyre & Industries,Tyres & Tubes,1951.0,10746.91,26.34,10369.94,25.36,176.34,167.02,8659.83,3.62,2284.4,16.49,0.0,0.0,915.35,10.35,1.64,2.04,7.72
140,Bharat Forge,Auto Ancillaries,1961.0,10723.89,24.32,10145.73,21.39,1032.17,35.38,9614.0,18.12,5376.06,15.57,116.4,25.0,1246.3,14.42,9.62,10.74,19.2
141,Eicher Motors,Auto,1982.0,10709.01,12.31,9797.06,9.28,2202.73,12.4,9201.6,26.64,8918.72,26.87,0.0,0.0,702.44,22.44,20.57,23.94,24.7
142,Godrej Industries,Diversified,1988.0,10703.83,9.81,11139.97,22.75,589.53,74.5,13815.73,18.58,4346.44,30.35,0.0,0.0,626.92,9.19,5.51,4.27,13.56
143,Jaiprakash Associates,Diversified,1995.0,10631.42,16.21,10820.75,41.55,-2110.36,0.0,34792.91,-8.23,1055.86,-77.43,0.0,0.0,644.95,-1.82,-19.85,-6.07,0.0
144,Hindustan Construction Company,Engg,1926.0,10555.44,4.11,10321.56,1.87,-341.14,0.0,4498.38,-44.29,-936.17,-12.35,0.0,0.0,1007.74,-1.36,-3.23,-7.58,0.0
145,Godrej Consumer Products,FMCG,2000.0,10539.78,4.41,10314.34,4.74,2341.53,43.28,10979.04,3.38,4926.16,-21.29,1226.52,100.05,1090.9,3.17,22.22,21.33,47.53
146,M&M Financial Services,NBFC,1991.0,10477.78,31.91,10429.06,31.84,1827.3,54.18,70240.85,27.55,11269.02,14.35,245.79,81.25,1477.95,30.03,17.44,2.6,16.22
147,Rail Vikas Nigam,Engg,2003.0,10452.47,31.83,10068.68,32.53,705.24,23.83,7685.51,16.32,4395.57,12.02,167.57,8.46,162.1,15.51,6.75,9.18,16.04
148,Havells India,Consumer Durables,1983.0,10418.72,21.36,10044.7,23.76,785.98,18.66,4366.43,11.96,4217.99,13.11,0.0,0.0,841.72,27.62,7.54,18.0,18.63
149,Glenmark Pharmaceuticals,Drugs,1977.0,10299.46,14.03,9865.47,8.72,924.99,15.07,10142.61,3.44,5605.19,8.55,0.0,0.0,2056.07,9.84,8.98,9.12,16.5
150,NBCC (India),Engg,1960.0,9988.04,14.84,9942.97,17.71,375.16,-0.83,1781.96,-23.41,1508.41,-27.0,0.0,0.0,326.42,-10.66,3.76,21.05,24.87
151,Dalmia Bharat,Diversified,2006.0,9875.0,11.7,9484.0,10.52,308.0,5.48,16825.0,-5.39,10639.0,189.02,0.0,0.0,648.0,4.85,3.12,1.83,2.9
152,Macrotech Developers,Real estate,1995.0,9789.76,22.42,9515.44,27.85,1216.93,133.68,20671.98,-1.17,3237.84,-29.47,0.0,0.0,405.22,-29.8,12.43,5.89,37.58
153,Apollo Hospitals Enterprise,Healthcare,1979.0,9721.42,16.37,9617.44,16.67,236.05,101.03,7633.78,4.69,3325.71,2.53,0.0,0.0,1598.24,13.8,2.43,3.09,7.1
154,Rashtriya Chemicals & Fertilizers,Fertilisers & Agro Chemicals,1978.0,9593.86,29.48,8885.47,22.47,134.08,70.11,6966.6,45.52,3029.65,3.41,0.0,0.0,593.72,3.11,1.4,1.92,4.43
155,JSW Energy,Power,1994.0,9537.49,10.0,9137.59,13.53,695.13,791.54,22441.35,-2.83,11822.24,6.41,0.0,0.0,224.75,14.45,7.29,3.1,5.88
156,Gujarat State Petronet,Oil & Gas,1998.0,9499.15,28.65,9345.12,28.7,998.6,34.71,9048.95,3.46,3295.23,35.69,0.0,0.0,224.53,23.23,10.51,11.04,30.3
157,Dilip Buildcon,Engg,2006.0,9495.73,20.76,9415.84,18.63,547.45,-5.23,11379.05,44.56,2805.97,23.28,0.0,0.0,142.77,20.45,5.77,4.81,19.51
158,Adani Enterprises,Wholesale Trade,1993.0,9480.98,36.27,7780.43,40.36,717.14,-5.3,28277.87,-20.28,14755.94,-2.21,0.0,0.0,656.4,15.5,7.56,2.54,4.86
159,Punjab & Sind Bank,Banking,1908.0,9386.95,10.05,8558.67,7.67,-543.48,0.0,106973.0,-4.14,4771.59,-10.57,0.0,0.0,1175.81,4.7,-5.79,-0.51,0.0
160,United Spirits,Beer,1999.0,9347.3,5.72,9340.8,8.73,700.2,10.48,6023.9,1.99,3090.3,27.75,0.0,0.0,689.8,1.31,7.49,11.62,22.66
161,Jain Irrigation Systems,Capital Goods,1986.0,9321.68,7.79,8982.41,7.71,239.09,9.0,9909.55,9.6,4413.09,1.43,0.0,0.0,967.8,8.87,2.56,2.41,5.42
162,Hubli Electricity Supply Company,Power,2002.0,9267.2,18.13,7764.56,12.73,689.99,0.0,5525.93,68.66,-369.33,-69.28,0.0,0.0,781.8,13.68,7.45,12.49,0.0
163,Tata Capital,NBFC,1991.0,9261.88,35.5,9131.05,36.28,779.88,28.99,77875.69,28.89,5831.38,21.87,0.0,0.0,814.78,26.66,8.42,1.0,13.37
164,SpiceJet,Airlines Services,1984.0,9252.76,17.19,9121.48,17.54,-302.41,0.0,1726.38,9.72,-349.96,525.82,0.0,0.0,1058.42,22.83,-3.27,-17.52,0.0
165,GSFC,Fert,1962.0,9244.17,42.81,8490.67,35.51,493.13,4.09,8863.71,-0.03,7320.68,0.24,0.0,0.0,530.68,3.42,5.33,5.56,6.74
166,Parle Biscuits,FMCG,1974.0,9173.2,9.21,8780.18,6.39,410.05,15.79,3779.55,13.45,3727.68,12.28,0.0,0.0,246.95,12.35,4.47,10.85,11.0
167,DLF,Real Estate,1963.0,9156.73,-49.9,8366.09,24.74,1319.2,-70.45,52237.61,-3.82,33576.54,-4.91,0.0,0.0,351.62,2.34,14.41,2.53,3.93
168,Jubilant Life Sciences,Drugs,1978.0,9148.43,20.21,9110.82,21.19,574.46,-10.63,9773.96,24.18,4808.92,17.68,0.0,0.0,1925.96,23.79,6.28,5.88,11.95
169,Welspun Corp,Iron & Steel,1995.0,9098.84,41.29,8953.48,41.07,-13.26,0.0,4262.08,-9.25,2797.64,-1.98,0.0,0.0,571.96,37.09,-0.15,-0.31,0.0
170,Export-Import Bank of India,Banking,1981.0,9096.57,3.63,8726.56,5.93,81.65,0.0,106985.91,-5.96,14681.81,52.93,0.0,0.0,58.35,19.4,0.9,0.08,0.56
171,Graphite India,Basic Materials,1974.0,8865.0,164.87,7857.9,140.6,3395.58,229.03,5713.25,89.99,5350.58,95.86,390.75,299.99,311.49,23.55,38.3,59.43,63.46
172,PC Jeweller,Gems & Jewellery,2005.0,8826.01,-17.88,8679.96,-9.7,0.61,-99.89,6086.38,21.64,3920.66,1.02,0.0,0.0,120.29,24.95,0.01,0.01,0.02
173,Dabur India,FMCG,1975.0,8799.48,8.73,8514.99,10.27,1442.33,6.49,6426.51,-4.53,5631.68,-1.31,220.79,0.27,937.91,18.3,16.39,22.44,25.61
174,Zuari Agro Chemicals,Fert,2009.0,8779.44,13.19,8102.9,11.54,-170.58,0.0,6928.26,8.54,1269.94,-13.3,0.0,0.0,175.62,7.68,-1.94,-2.46,0.0
175,Reliance Power,Power,1995.0,8538.35,-13.54,8201.31,-14.5,-2951.82,0.0,49937.04,-9.29,17377.47,-18.17,0.0,0.0,186.5,-0.01,-34.57,-5.91,0.0
176,Jammu and Kashmir Bank,Banking,1938.0,8493.04,19.25,7675.56,15.92,463.85,128.85,98882.55,12.63,6016.01,8.64,0.0,0.0,1650.11,27.85,5.46,0.47,7.71
177,Sterling & Wilson Solar,Capital goods,2017.0,8448.67,22.93,8240.41,19.92,638.99,41.31,3073.91,701.33,841.01,327.78,0.0,0.0,177.89,80.38,7.56,20.79,75.98
178,Aditya Birla Fashion & Retail,Retail Trade,2007.0,8411.0,12.88,8119.94,13.21,321.22,172.71,3420.63,5.69,1428.88,30.72,0.0,0.0,913.02,18.22,3.82,9.39,22.48
179,GMR Infrastructure,Infra Development,1996.0,8393.02,-9.5,7399.72,-13.52,-3580.58,0.0,31746.76,1.24,-820.06,-123.8,0.0,0.0,759.88,10.07,-42.66,-11.28,0.0
180,Bharti Infratel,Telecommunication,2006.0,8385.5,1.69,6826.2,3.1,2493.8,0.0,15183.4,-13.87,14531.6,-14.34,1387.2,0.0,291.5,-0.03,29.74,16.42,17.16
181,Mahindra CIE Automotive,Auto Ancillaries,1999.0,8212.3,25.75,8031.5,24.95,498.1,38.98,6317.1,18.51,4289.1,15.43,0.0,0.0,1329.7,15.36,6.07,7.88,11.61
182,DCM Shriram,Diversified,1989.0,8166.79,17.99,7771.14,12.62,905.5,35.24,5385.86,34.19,3525.68,16.0,0.0,0.0,663.73,10.83,11.09,16.81,25.68
183,Marico,FMCG,1988.0,8166.0,13.99,7940.0,15.76,1118.0,37.35,3382.0,17.19,2999.0,17.93,589.0,7.29,466.0,10.43,13.69,33.06,37.28
184,Polycab India,Consumer durables,1996.0,8157.03,20.5,7955.98,17.51,499.7,39.58,3169.75,-0.31,2846.96,21.27,0.0,0.0,300.25,15.81,6.13,15.76,17.55
185,Apar Industries,Basic Materials,1989.0,8105.22,39.09,7963.85,36.87,136.06,-6.0,1464.95,-0.9,1202.37,8.49,0.0,0.0,148.02,17.4,1.68,9.29,11.32
186,Aster DM Healthcare,Healthcare,2008.0,8102.46,15.75,7962.71,18.47,333.11,23.89,6942.46,17.83,3213.76,13.48,0.0,0.0,2688.18,18.36,4.11,4.8,10.37
187,Uflex,Packaging,1988.0,8010.92,17.01,7957.22,16.99,313.84,1.08,6445.42,5.86,4304.33,8.16,0.0,0.0,670.52,11.94,3.92,4.87,7.29
188,Mphasis,Infotech,1992.0,7907.69,17.89,7730.98,18.11,1073.35,28.16,5917.12,-0.86,5249.82,-4.23,0.0,0.0,4298.69,12.59,13.57,18.14,20.45
189,SRF,Diversified,1970.0,7803.88,36.07,7692.69,37.64,641.63,38.97,7916.09,16.86,4129.27,15.84,0.0,0.0,515.91,8.83,8.22,8.11,15.54
190,RBL Bank,Banking,1943.0,7743.07,37.53,6302.09,38.16,857.84,35.81,77724.48,29.88,7533.88,12.79,0.0,0.0,752.31,29.3,11.08,1.1,11.39
191,Bandhan Bank,Banking,2014.0,7707.1,39.91,6644.05,38.35,1951.5,45.03,54954.71,26.23,11201.74,19.4,0.0,0.0,1008.69,46.62,25.32,3.55,17.42
192,Adani Transmission,Power,2013.0,7656.64,88.81,7305.45,85.21,559.2,-51.07,29328.08,74.88,8042.88,32.8,0.0,0.0,586.92,1289.16,7.3,1.91,6.95
193,Torrent Pharmaceuticals,Drugs,1972.0,7646.41,15.66,7672.8,28.96,436.28,-35.66,11073.28,-2.8,4724.35,2.21,220.0,44.74,1403.79,23.65,5.71,3.94,9.23
194,South Indian Bank,Banking,1929.0,7602.73,8.15,6876.52,11.04,247.53,-26.09,90660.39,11.49,5098.49,1.91,0.0,0.0,821.43,15.17,3.26,0.27,4.85
195,Muthoot Finance,NBFC,1997.0,7601.05,12.08,7594.43,13.11,2078.01,13.56,40217.09,26.32,9931.2,26.41,0.0,0.0,1013.34,19.5,27.34,5.17,20.92
196,Voltas,Diversified,1954.0,7591.19,17.17,7124.07,11.24,507.91,-11.27,4544.75,9.05,4109.99,5.24,0.0,0.0,641.86,9.4,6.69,11.18,12.36
197,Endurance Technologies,Auto Ancillaries,1999.0,7539.02,17.93,7510.5,18.25,495.01,26.68,3369.72,11.72,2564.68,18.03,0.0,0.0,652.74,12.36,6.57,14.69,19.3
198,Alkem Laboratories,Drugs,1973.0,7441.25,12.55,7357.19,14.94,760.51,20.54,6730.44,9.48,5439.34,11.83,95.65,33.33,1362.46,14.33,10.22,11.3,13.98
199,Container Corporation Of India,Transport Logistics,1988.0,7427.05,5.39,7060.05,5.3,1231.62,15.22,11293.94,17.9,10329.9,10.81,0.0,0.0,337.0,20.62,16.58,10.91,11.92
200,Tata Global Beverages,Tea & Coffee,1962.0,7423.04,6.04,7251.5,6.4,408.19,-17.63,9688.96,4.34,7309.83,4.28,0.0,0.0,806.3,-1.83,5.5,4.21,5.58
201,Pidilite Industries,FMCG,1969.0,7304.19,17.29,7078.74,16.46,924.91,-3.89,4597.89,14.86,4148.09,16.06,0.0,0.0,836.66,17.44,12.66,20.12,22.3
202,Arvind,Textiles & Garments,1931.0,7267.78,4.57,7142.18,5.13,226.23,-26.9,5650.39,-25.23,2750.44,-27.29,0.0,0.0,899.92,2.86,3.11,4.0,8.23
203,APL Apollo Tubes,Iron & Steel,1986.0,7252.33,33.84,7152.32,34.07,148.25,-6.25,1880.54,13.95,964.06,15.06,0.0,0.0,107.94,25.28,2.04,7.88,15.38
204,CEAT,Tyres & Tubes,1958.0,7243.18,15.91,6984.51,11.16,252.22,5.98,4330.93,22.39,2766.11,6.14,0.0,0.0,542.01,14.78,3.48,5.82,9.12
205,HEG,Capital Goods,1972.0,7199.08,151.69,6592.83,139.73,3026.16,175.27,4466.73,102.03,3793.69,98.88,0.0,0.0,197.57,75.71,42.04,67.75,79.77
206,Security & Intelligence Services India,Security services,1985.0,7121.8,21.54,7093.27,21.6,215.82,33.16,3120.56,60.22,1249.89,21.55,0.0,0.0,5757.07,20.79,3.03,6.92,17.27
207,Mindtree,Infotech,1999.0,7110.8,25.79,7021.5,28.53,754.1,32.28,3324.5,8.95,3306.1,20.6,147.8,25.68,4421.2,24.05,10.6,22.68,22.81
208,Cholamandalam Investment & Finance Co.,NBFC,1978.0,7108.83,27.87,7087.85,27.51,1198.06,30.32,56806.82,30.61,6208.71,21.13,101.63,0.03,604.68,9.78,16.85,2.11,19.3
209,Vardhman Textiles,Textiles & Garments,1973.0,7107.51,9.33,6877.92,10.08,730.72,25.73,8019.72,8.16,5591.48,12.87,0.0,0.0,550.23,8.69,10.28,9.11,13.07
210,ABB India,Capital Goods,1949.0,7081.21,10.5,6690.12,9.79,510.89,21.65,4050.02,-4.97,4007.32,11.1,0.0,0.0,529.5,2.09,7.21,12.61,12.75
211,Raymond,,,6973.78,9.75,6582.28,11.44,167.98,24.77,4563.12,5.25,1953.79,7.82,0.0,0.0,934.82,11.91,2.41,3.68,8.6
212,Amara Raja Batteries,Storage Batteries,1985.0,6969.02,13.27,6793.11,12.11,483.23,2.53,3508.91,13.45,3335.04,13.54,34.16,0.0,345.39,11.78,6.93,13.77,14.49
213,Bajaj Electricals,Consumer Durables,1938.0,6963.45,46.18,6679.41,41.89,156.4,87.01,2738.35,57.51,1055.93,12.75,0.0,0.0,360.56,13.43,2.25,5.71,14.81
214,Allcargo Logistics,Transport Logistics,1993.0,6933.88,13.8,6894.86,13.98,241.96,41.21,2653.75,7.7,1998.78,1.75,0.0,0.0,1069.64,14.98,3.49,9.12,12.11
215,Karnataka Bank,Banking,1924.0,6907.92,8.31,5905.96,8.89,477.24,46.57,77562.82,12.25,5373.06,7.59,0.0,0.0,605.56,15.39,6.91,0.62,8.88
216,IRB Infrastructure Developers,Infra Development,1998.0,6902.62,15.25,6707.02,17.79,849.97,-7.58,36501.65,3.78,6315.15,10.94,87.86,-68.75,286.17,-1.82,12.31,2.33,13.46
217,Prestige Estates Projects,Real Estate,1997.0,6898.0,30.03,5171.9,-5.94,415.6,11.93,12999.9,3.47,4226.6,-10.69,0.0,0.0,398.6,34.75,6.02,3.2,9.83
218,Future Lifestyle Fashions,Retail Trade,2012.0,6892.03,39.92,6304.16,28.33,188.99,49.9,2745.79,18.01,1827.03,19.44,0.0,0.0,330.79,24.89,2.74,6.88,10.34
219,Deutsche Bank,Banking,1994.0,6891.0,20.55,5676.21,19.72,1199.16,31.77,88843.45,26.88,15958.66,34.04,0.0,0.0,584.52,-5.35,17.4,1.35,7.51
220,Deepak Fertilizers & Petrochemicals Corp,Fert,1979.0,6860.39,12.2,6742.06,12.46,70.67,-56.56,5220.04,-7.89,2097.85,2.53,0.0,0.0,277.66,12.96,1.03,1.35,3.37
221,Bajaj Hindusthan Sugar,Sugar,1931.0,6795.86,14.21,6806.39,16.41,-136.56,0.0,8879.08,-9.36,2777.11,-5.6,0.0,0.0,275.29,10.27,-2.01,-1.54,0.0
222,Karur Vysya Bank,Banking,1916.0,6778.59,2.71,5815.82,2.04,210.87,-39.0,67856.1,3.52,6422.8,2.53,0.0,0.0,761.17,19.1,3.11,0.31,3.28
223,Thomas Cook (India),Travel Services,1978.0,6771.68,-60.75,6603.25,-41.3,84.82,-98.58,10096.6,6.56,8893.42,2.56,0.0,0.0,771.16,-85.46,1.25,0.84,0.95
224,Whirlpool of India,Consumer Durables,1960.0,6755.28,14.56,6588.14,11.18,409.74,16.84,2344.28,19.61,2145.38,19.43,0.0,0.0,493.05,8.3,6.07,17.48,19.1
225,Birla Corporation,Cement,1919.0,6648.11,15.47,6548.73,14.29,255.69,66.1,9230.23,2.12,3673.81,6.21,0.0,0.0,370.65,3.72,3.85,2.77,6.96
226,Welspun India,Textiles & Garments,1985.0,6597.45,8.8,6526.62,7.88,209.83,-45.49,6404.73,3.98,2779.32,6.66,0.0,0.0,711.43,5.34,3.18,3.28,7.55
227,United Breweries,Beer,1999.0,6581.86,17.32,6475.43,15.24,562.94,42.81,3409.48,13.07,3183.77,18.34,0.0,0.0,448.43,12.33,8.55,16.51,17.68
228,Escorts,Auto,1944.0,6565.75,27.64,6262.02,23.77,478.93,38.01,3014.07,30.71,2673.49,20.69,0.0,0.0,484.73,7.91,7.29,15.89,17.91
229,SREI Infrastructure Finance,NBFC,1985.0,6550.55,21.31,6565.39,21.55,486.85,28.94,37516.29,-0.09,4111.17,8.05,25.15,0.0,260.35,4.36,7.43,1.3,11.84
230,Future Enterprises,Retail Trade,1987.0,6434.07,13.59,6172.93,17.45,144.96,2000.87,11642.05,11.99,3993.51,4.2,0.0,0.0,234.13,30.38,2.25,1.25,3.63
231,BASF India,Basic Materials,1943.0,6367.86,9.21,6025.67,7.92,81.72,-66.85,2394.01,2.9,1412.89,5.14,0.0,0.0,376.47,7.13,1.28,3.41,5.78
232,Prism Johnson,Cement,1992.0,6321.86,14.1,6194.42,12.47,116.4,173.88,3823.65,3.85,1126.11,8.5,25.17,0.0,565.55,10.3,1.84,3.04,10.34
233,Berger Paints India,FMCG,1923.0,6295.84,18.52,6061.86,17.35,497.86,8.04,3022.95,14.93,2472.7,12.68,0.0,0.0,408.51,14.56,7.91,16.47,20.13
234,Simplex Infrastructures,Engg,1924.0,6257.87,5.75,6117.22,6.08,122.3,8.36,5504.23,6.38,2045.93,25.48,0.0,0.0,493.39,-6.96,1.95,2.22,5.98
235,Dish TV India,Media,1988.0,6231.65,32.97,6166.13,33.06,-1144.9,0.0,8277.2,-18.02,5489.98,-18.72,0.0,0.0,247.51,18.08,-18.37,-13.83,0.0
236,Reliance Communications,Telecommunication,2004.0,6204.0,32.31,4015.0,-12.58,-7206.0,0.0,47221.0,-12.22,-4180.0,-250.2,0.0,0.0,521.0,22.01,-116.15,-15.26,0.0
237,GNFC,Fert,1976.0,6165.8,3.18,5896.02,1.01,749.74,-5.69,6328.38,7.74,5064.73,12.12,0.0,0.0,523.63,32.58,12.16,11.85,14.8
238,Tata Sky,Media,2001.0,6148.75,8.35,6103.49,7.96,461.87,296.32,4138.05,5.54,-45.48,-91.01,0.0,0.0,286.34,2.34,7.51,11.16,0.0
239,Thermax,Capital Goods,1980.0,6141.17,33.25,5973.17,33.78,325.43,40.21,3341.42,10.26,3014.29,11.03,0.0,0.0,769.01,12.67,5.3,9.74,10.8
240,Shriram City Union Finance,NBFC,1986.0,6069.86,11.6,6066.95,11.59,1001.74,35.27,30965.87,7.78,6584.29,14.82,118.75,12.54,897.47,19.84,16.5,3.23,15.21
241,Cummins India,Capital Goods,1962.0,6065.03,12.85,5697.31,11.45,742.61,4.33,4699.07,5.59,4282.98,3.99,194.04,40.0,561.91,9.91,12.24,15.8,17.34
242,Biocon,Drugs,1978.0,6064.0,38.05,5514.4,33.73,905.3,143.1,10038.2,20.61,6097.1,17.71,0.0,0.0,1165.3,25.15,14.93,9.02,14.85
243,GFL,Basic materials,1987.0,6054.94,55.34,5698.11,46.38,1304.89,414.73,9687.18,18.69,5976.83,25.38,0.0,0.0,391.62,12.97,21.55,13.47,21.83
244,Minda Industries,Auto Ancillaries,1992.0,5971.39,29.61,5908.09,32.16,285.62,-7.92,3228.69,36.26,1704.16,22.45,11.8,13.79,791.29,34.85,4.78,8.85,16.76
245,Renault India,Auto,2005.0,5967.54,-20.68,5826.88,-15.61,-278.45,0.0,2283.96,0.8,387.74,-41.81,0.0,0.0,84.77,-5.62,-4.67,-12.19,0.0
246,Surya Roshni,Diversified,1973.0,5945.34,18.33,5980.11,21.11,120.81,11.82,2404.55,9.27,1151.86,9.98,0.0,0.0,293.76,9.26,2.03,5.02,10.49
247,Zee Entertainment Enterprises,Media,1982.0,5911.2,8.72,7933.9,18.67,1567.1,5.95,10187.7,10.84,8923.9,18.01,0.0,0.0,724.9,8.89,26.51,15.38,17.56
248,Tube Investments of India,Diversified,1949.0,5869.85,16.06,5774.77,15.5,240.42,63.12,2189.55,1.84,1475.4,15.96,0.0,0.0,577.91,2.71,4.1,10.98,16.3
249,The India Cements,Cement,1946.0,5831.18,10.79,5770.37,9.56,21.06,-67.63,8922.61,2.76,5245.98,-0.44,0.0,0.0,358.55,-9.0,0.36,0.24,0.4
250,Supreme Industries,Plastic Products,1942.0,5710.48,14.88,5611.99,12.92,448.63,3.91,2334.42,8.23,2153.97,13.67,61.25,33.53,228.02,5.49,7.86,19.22,20.83
251,Kansai Nerolac Paints,FMCG,1920.0,5686.62,17.32,5424.32,16.45,452.75,-11.98,3544.39,11.32,3416.33,9.07,0.0,0.0,283.41,20.56,7.96,12.77,13.25
252,Aegis Logistics,Transport Logistics,1956.0,5632.04,17.27,5615.82,17.22,221.39,11.92,1738.57,8.2,1391.27,15.24,16.7,0.0,51.53,9.5,3.93,12.73,15.91
253,HUDCO,NBFC,1970.0,5591.22,32.05,5582.52,32.03,1179.85,16.83,70844.74,53.12,10954.76,10.18,135.13,12.51,224.12,27.05,21.1,1.67,10.77
254,Sadbhav Engineering,Engg,1988.0,5558.84,9.14,5240.05,5.33,21.13,0.0,14043.25,8.72,835.0,-6.32,0.0,0.0,214.16,7.01,0.38,0.15,2.53
255,Balkrishna Industries,Tyres & Tubes,1961.0,5487.71,13.51,5209.99,17.24,773.65,5.15,5567.51,11.79,4653.66,13.97,115.99,49.99,299.15,6.87,14.1,13.9,16.62
256,Divi's Laboratories,Drugs,1990.0,5406.48,35.11,4946.26,27.1,1352.74,54.24,7075.92,17.88,6957.15,17.42,0.0,0.0,542.27,18.9,25.02,19.12,19.44
257,JK Cement,Cement,1994.0,5326.76,7.33,5258.68,8.35,263.63,-8.96,6035.11,15.04,2694.97,36.46,0.0,0.0,401.09,8.91,4.95,4.37,9.78
258,ISGEC Heavy Engineering ,Capital goods,1933.0,5323.21,48.1,5050.66,33.23,142.76,-9.23,2216.41,14.45,1515.2,9.71,3.68,-68.71,375.49,10.43,2.68,6.44,9.42
259,Trident,Textiles & Garments,1990.0,5319.76,15.38,5248.6,15.12,371.77,39.68,5408.77,-2.09,2973.02,9.05,116.69,90.83,597.76,17.29,6.99,6.87,12.5
260,GSK Consumer Healthcare,FMCG,1958.0,5273.53,16.34,4782.01,10.78,982.8,40.38,4254.11,15.91,4094.72,17.49,0.0,0.0,644.62,22.15,18.64,23.1,24.0
261,Sterlite Technologies,Capital Goods,2000.0,5258.79,64.31,5087.26,60.12,562.75,68.32,3930.06,55.18,1719.3,46.28,0.0,0.0,511.23,48.3,10.7,14.32,32.73
262,Shree Renuka Sugars,Sugar,1995.0,5235.56,-34.23,4508.09,-27.87,-1448.37,0.0,-2604.75,-151.98,-4182.69,44.2,0.0,0.0,126.6,5.34,-27.66,55.6,0.0
263,IIFL Finance,Diversified financial services,1995.0,5200.14,-19.58,4988.45,-22.11,690.69,-13.09,31044.86,-23.84,3694.87,-22.1,157.0,14.33,683.12,-35.4,13.28,2.22,18.69
264,Varun Beverages,Food,1995.0,5192.5,26.94,5105.26,27.52,292.84,39.35,4926.17,9.3,1998.5,12.95,0.0,0.0,582.95,25.95,5.64,5.94,14.65
265,Ircon International,Engineering & Construction,1976.0,5177.05,22.57,4798.43,19.24,450.07,10.13,8176.16,-1.21,3964.22,5.4,0.0,0.0,263.57,9.32,8.69,5.5,11.35
266,The Ramco Cements,Cement,1957.0,5169.0,15.54,5162.34,16.66,510.72,-9.48,6207.38,18.04,4537.0,10.32,0.0,0.0,337.94,9.11,9.88,8.23,11.26
267,Oracle Financial Services Software,Infotech,1989.0,5134.99,11.19,4958.9,9.53,1385.9,12.03,5067.05,4.75,4936.54,4.87,0.0,0.0,2195.81,4.6,26.99,27.35,28.07
268,Blue Star,Consumer Durables,1949.0,5104.27,4.48,5234.84,12.85,190.06,32.02,1240.96,4.4,873.06,10.13,0.0,0.0,421.49,5.98,3.72,15.32,21.77
269,Suzlon Energy,Capital Goods,1995.0,5102.13,-40.32,5024.69,-38.09,-1527.18,0.0,3229.59,-38.42,-8497.61,21.97,0.0,0.0,874.16,8.63,-29.93,-47.29,0.0
270,Philips India,Consumer Durables,1930.0,5052.8,14.91,4912.1,11.85,190.7,-47.2,2333.1,9.43,2096.5,8.6,0.0,0.0,1314.2,10.4,3.77,8.17,9.1
271,Fortis Healthcare,Healthcare,1996.0,5028.08,3.59,4578.04,-1.52,-298.94,0.0,9215.11,25.23,6600.8,62.51,0.0,0.0,916.96,1.63,-5.95,-3.24,0.0
272,Ashoka Buildcon,Engg,1993.0,5007.22,34.9,4930.12,36.91,-33.46,0.0,9402.44,10.37,286.89,-9.19,0.0,0.0,188.39,33.52,-0.67,-0.36,0.0
273,Schaeffler India,Auto Ancillaries,1962.0,4882.23,22.55,4561.51,15.76,419.8,8.06,2803.22,14.88,2706.13,16.38,0.0,0.0,317.86,6.43,8.6,14.98,15.51
274,Balrampur Chini Mills,Sugar,1975.0,4873.64,22.65,4285.78,-1.31,575.82,148.56,3883.47,48.52,2117.79,30.97,57.11,-2.81,230.46,12.97,11.81,14.83,27.19
275,Hinduja Global Solutions,Infotech,1995.0,4861.18,25.11,4816.67,25.13,177.18,-11.68,2366.37,9.95,1643.59,8.17,0.0,0.0,3250.67,25.21,3.64,7.49,10.78
276,Sintex Plastics Technology,Plastic products,2015.0,4806.41,-15.18,4710.95,-14.22,94.27,-31.81,7522.86,1.34,3573.93,4.14,0.0,0.0,796.95,13.21,1.96,1.25,2.64
277,Polyplex Corporation,Packaging,1984.0,4803.55,30.33,4569.89,27.92,330.03,106.98,4804.65,6.93,2771.24,8.75,143.93,399.93,344.6,13.64,6.87,6.87,11.91
278,Himachal Futuristic Communications,Telecommunication,1987.0,4792.67,49.17,4737.79,46.8,219.91,31.0,2049.05,24.28,1441.66,22.31,0.0,0.0,199.76,18.81,4.59,10.73,15.25
279,India Infrastructure Finance Company,NBFC,2006.0,4776.51,8.88,4264.73,3.41,-428.7,0.0,50152.09,-2.01,3897.48,-10.07,0.0,0.0,37.14,14.31,-8.98,-0.85,0.0
280,Aarti Industries,Basic Materials,1984.0,4767.01,21.62,4705.51,23.63,491.73,47.68,5319.04,39.88,2630.26,66.69,0.0,0.0,242.82,27.71,10.32,9.24,18.7
281,Cyient,Infotech,1991.0,4737.9,15.96,4617.5,17.98,478.5,18.03,3116.0,13.1,2564.1,9.39,0.0,0.0,2548.2,16.23,10.1,15.36,18.66
282,Hatsun Agro Product,FMCG,1986.0,4713.98,7.21,4760.3,11.03,114.85,26.43,1833.2,10.08,804.68,120.14,77.61,28.11,155.92,10.71,2.44,6.27,14.27
283,Hexaware Technologies,Infotech,1992.0,4705.62,17.91,4647.76,17.9,583.46,16.8,2422.48,19.43,2391.86,19.16,0.0,0.0,2479.95,14.35,12.4,24.09,24.39
284,Sundram Fasteners,Auto Ancillaries,1962.0,4681.89,19.87,4557.9,18.24,457.49,18.35,2893.79,28.37,1869.97,22.13,98.76,0.0,459.32,11.22,9.77,15.81,24.47
285,Indian Hotels Co,Hospitality,1902.0,4643.62,10.8,4512.0,9.95,286.82,184.35,7755.99,0.43,4348.0,3.99,0.0,0.0,1470.79,9.22,6.18,3.7,6.6
286,Joyalukkas India,Gems & jewellery,2002.0,4622.49,-4.32,4405.69,-1.2,135.9,-39.38,2444.08,4.94,1207.33,12.64,0.0,0.0,217.55,16.59,2.94,5.56,11.26
287,Colgate-Palmolive (India),FMCG,1937.0,4555.07,8.23,4462.43,6.55,775.57,15.18,1549.94,0.28,1446.75,-5.11,707.16,100.0,313.71,-2.75,17.03,50.04,53.61
288,Crompton Greaves Consumer Electrical,Consumer Durables,2015.0,4550.21,10.3,4478.91,9.79,401.38,23.96,1763.89,21.19,1097.34,38.99,0.0,0.0,291.88,3.27,8.82,22.76,36.58
289,Tamil Nadu Newsprint & Papers,Paper,1979.0,4524.61,38.73,4392.39,31.55,94.39,0.0,3718.8,-10.15,1651.68,3.03,0.0,0.0,267.51,8.59,2.09,2.54,5.71
290,Bombay Dyeing & Manufacturing Company,Textile & Garments,1879.0,4477.48,68.11,4429.76,66.39,1241.72,3429.62,4179.62,20.39,209.0,-67.18,0.0,0.0,94.66,8.42,27.73,29.71,594.12
291,Jayaswal Neco Industries,Iron & Steel,1972.0,4475.18,30.13,4226.53,21.54,-443.87,0.0,4641.94,-10.56,699.59,-39.15,0.0,0.0,219.3,10.59,-9.92,-9.56,0.0
292,Team Lease Services,Recruitment Consulting,2000.0,4465.66,22.69,4447.6,22.72,98.03,33.45,615.81,23.77,539.12,22.06,0.0,0.0,4197.15,20.91,2.2,15.92,18.18
293,KRBL,FMCG,1993.0,4421.22,31.51,4120.49,26.95,503.02,15.79,4161.42,17.58,2726.7,19.18,0.0,0.0,77.02,11.33,11.38,12.09,18.45
294,Atul,Basic Materials,1975.0,4411.95,26.37,4264.98,21.38,432.23,56.33,2838.79,21.77,2705.71,20.58,0.0,0.0,259.84,21.77,9.8,15.23,15.97
295,GVK Power & Infrastructure,Infra Development,1994.0,4388.61,-9.84,4098.17,6.08,-363.49,0.0,20053.44,9.24,-1203.05,43.01,0.0,0.0,210.59,4.62,-8.28,-1.81,0.0
296,KEI Industries,Basic Materials,1968.0,4346.35,23.92,4230.98,22.09,180.86,24.94,1386.01,-4.65,778.05,28.67,0.0,0.0,173.39,17.82,4.16,13.05,23.25
297,Shoppers Stop,Retail Trade,1997.0,4312.2,10.44,3577.93,-3.21,64.97,-73.4,989.87,-3.93,914.71,1.14,0.0,0.0,329.6,4.42,1.51,6.56,7.1
298,JK Lakshmi Cement,Cement,1938.0,4282.3,10.88,4316.31,15.15,51.25,-7.22,3980.75,-7.48,1484.58,2.84,0.0,0.0,290.13,10.52,1.2,1.29,3.45
299,City Union Bank,Banking,1904.0,4281.56,8.82,3767.17,10.72,682.85,15.35,43769.61,12.95,4840.76,16.27,21.96,10.69,364.44,15.37,15.95,1.56,14.11
300,Sundaram Finance,NBFC,1954.0,4254.1,-32.94,3771.94,-40.42,1160.85,59.04,33040.04,13.62,6259.29,10.8,225.54,161.4,429.13,-16.5,27.29,3.51,18.55
301,Skoda Auto India,Auto,1999.0,4226.58,-4.73,3759.75,-14.01,-6.38,0.0,1284.74,4.79,675.51,-1.31,0.0,0.0,120.5,26.9,-0.15,-0.5,0.0
302,Century Textiles & Industries,Diversified,1897.0,4225.05,4.06,3940.53,1.1,668.67,79.91,9024.83,12.32,3293.15,19.84,0.0,0.0,275.59,-33.17,15.83,7.41,20.3
303,Kesoram Industries,Diversified,1919.0,4215.25,5.21,4202.02,8.49,-363.32,0.0,3562.44,-27.47,112.26,-78.72,0.0,0.0,355.56,-13.55,-8.62,-10.2,0.0
304,GE T&D India,Capital Goods,1957.0,4193.63,-7.68,4218.82,-2.61,212.67,1.87,1652.9,16.61,1427.99,20.04,0.0,0.0,382.91,-1.25,5.07,12.87,14.89
305,Manappuram Finance,NBFC,1992.0,4178.84,20.11,4116.32,20.33,922.41,36.21,19960.33,20.93,4524.65,18.66,181.2,7.61,720.11,15.02,22.07,4.62,20.39
306,Fullerton India Credit Company,NBFC,1994.0,4138.12,52.55,4131.06,53.07,775.22,121.73,23078.21,39.05,3651.87,33.72,0.0,0.0,577.14,25.07,18.73,3.36,21.23
307,Wockhardt,Drugs,1999.0,4138.04,6.69,4158.38,5.63,-194.53,0.0,6432.71,-8.24,2674.8,-6.22,0.0,0.0,936.9,-0.02,-4.7,-3.02,0.0
308,Electrotherm (India),Capital Goods,1986.0,4136.19,39.37,4040.18,38.01,141.85,4692.23,1406.92,-6.04,-1221.97,-10.31,0.0,0.0,164.46,15.32,3.43,10.08,0.0
309,Jaiprakash Power Ventures,Power,1994.0,4055.65,-22.5,3891.62,-20.2,-373.44,0.0,32066.41,-1.99,7384.33,-5.08,5.07,8.33,104.92,-22.64,-9.21,-1.16,0.0
310,Castrol India, Lubricants,1979.0,4053.41,10.34,3904.55,8.93,708.36,2.39,1181.53,14.04,1165.66,14.26,222.55,-30.77,203.4,3.97,17.48,59.95,60.77
311,Zensar Technologies,Infotech,1963.0,4051.47,27.59,3966.33,27.63,313.59,29.83,2337.18,32.06,1942.36,16.39,22.49,0.0,2152.58,26.23,7.74,13.42,16.14
312,Alembic Pharmaceuticals,Drugs,2010.0,4036.33,26.93,3934.68,25.68,584.37,41.62,3898.5,31.31,2718.82,22.46,0.0,0.0,746.69,19.89,14.48,14.99,21.49
313,Sun TV Network,Media,1985.0,4025.06,28.67,3782.54,27.66,1433.27,26.27,5542.97,17.8,5526.49,17.88,492.61,25.0,153.57,11.02,35.61,25.86,25.93
314,Shipping Corporation of India,Shipping,1950.0,4021.51,9.57,3925.86,13.15,-62.66,0.0,12558.81,-2.73,7183.22,-0.72,0.0,0.0,450.04,-6.92,-1.56,-0.5,0.0
315,Gujarat Ambuja Exports,Food,1991.0,3987.66,17.95,4021.44,19.53,198.15,10.16,1439.3,-14.45,1208.24,18.18,0.0,0.0,82.95,10.06,4.97,13.77,16.4
316,Prakash Industries,Iron & Steel,1980.0,3986.97,35.46,3587.51,22.24,539.22,39.6,3553.47,-0.96,2853.6,4.3,0.0,0.0,212.09,8.23,13.52,15.17,18.9
317,LT Foods,Food,1990.0,3949.1,3.84,3890.43,7.66,126.53,-6.04,3137.08,12.32,1329.12,12.69,0.0,0.0,151.89,12.49,3.2,4.03,9.52
318,Future Consumer,Retail trade,1996.0,3932.39,27.41,3880.65,29.03,-6.39,0.0,1852.25,11.25,990.22,-0.51,0.0,0.0,131.18,4.63,-0.16,-0.34,0.0
319,Ipca Laboratories,Drugs,1949.0,3918.79,19.62,3745.69,14.98,444.83,85.79,3629.72,8.56,3122.39,16.14,0.0,0.0,787.4,7.0,11.35,12.26,14.25
320,Jindal Poly Films,Packaging,1974.0,3863.97,-42.69,3726.21,-42.21,-408.65,0.0,3644.59,-1.74,2257.01,-8.88,0.0,0.0,92.7,-88.23,-10.58,-11.21,0.0
321,Firstsource Solutions,Infotech,2001.0,3830.17,8.18,3826.28,8.23,377.79,15.7,3284.85,8.0,2720.73,15.69,0.0,0.0,2557.26,6.75,9.86,11.5,13.89
322,Great Eastern Shipping Company,Shipping,1948.0,3829.89,21.95,3547.11,16.74,-21.45,0.0,13234.47,-3.5,6809.67,-1.7,0.0,0.0,711.6,5.51,-0.56,-0.16,0.0
323,PNC Infratech,Engineering & Construction,1999.0,3821.68,56.9,3774.36,56.52,351.37,44.59,6371.52,24.85,2024.39,19.88,0.0,0.0,215.75,49.6,9.19,5.51,17.36
324,Sobha,Real Estate,1995.0,3809.93,38.39,3442.07,23.68,296.99,36.94,4845.1,-5.36,2229.11,-19.52,0.0,0.0,235.86,18.83,7.8,6.13,13.32
325,Abbott India,Drugs,1944.0,3794.07,7.86,3678.6,11.52,450.33,12.24,2084.02,19.22,2008.59,18.66,0.0,0.0,435.58,10.64,11.87,21.61,22.42
326,Mukand,Iron & Steel,1937.0,3786.42,-22.09,3689.46,7.38,-115.48,0.0,3527.9,8.75,914.96,-15.26,0.0,0.0,209.68,9.91,-3.05,-3.27,0.0
327,Triveni Engineering and Industries,Sugar,1932.0,3775.42,10.64,3151.74,-6.48,216.28,81.53,2897.58,30.1,1140.52,20.52,0.0,0.0,224.37,10.81,5.73,7.46,18.96
328,Force Motors,Auto,1958.0,3768.32,6.36,3652.45,6.7,143.33,-2.58,2253.23,22.74,1933.21,7.33,0.0,0.0,418.13,8.17,3.8,6.36,7.41
329,NIIT Technologies,Infotech,1992.0,3729.7,23.07,3676.2,22.89,403.3,43.93,2220.9,8.64,2072.3,16.82,0.0,0.0,2153.2,22.33,10.81,18.16,19.46
330,Ballarpur Industries,Paper,1945.0,3727.86,44.16,3643.06,44.64,-930.95,0.0,7295.34,-15.76,-1142.81,729.33,0.0,0.0,271.88,19.61,-24.97,-12.76,0.0
331,Indiabulls Real Estate,Real Estate,2006.0,3714.6,-23.39,4943.89,9.8,504.15,-78.75,10301.38,-6.61,2950.12,0.17,0.0,0.0,138.48,8.11,13.57,4.89,17.09
332,Brigade Enterprises,Real Estate,1995.0,3707.08,84.0,2972.78,56.69,239.91,72.35,6311.87,3.95,2161.11,-5.16,0.0,0.0,187.9,21.62,6.47,3.8,11.1
333,Kirloskar Oil Engines,Capital Goods,2009.0,3670.9,16.57,3627.67,18.73,219.17,56.86,1927.85,4.71,1698.58,7.82,36.16,0.03,242.91,9.3,5.97,11.37,12.9
334,Tamilnad Mercantile Bank,Banking,1921.0,3638.8,-3.14,3224.46,-0.8,258.58,16.52,38754.5,6.63,3618.25,6.27,34.36,-16.54,375.31,3.64,7.11,0.67,7.15
335,Time Technoplast,Plastic Products,1989.0,3616.68,15.22,3563.73,14.86,202.74,12.41,2555.36,11.07,1662.32,12.68,0.0,0.0,163.92,12.98,5.61,7.93,12.2
336,Jubilant Foodworks,Food,1995.0,3609.7,18.63,3563.14,18.05,319.79,62.97,1262.72,30.42,1259.64,30.16,0.0,0.0,681.82,11.05,8.86,25.33,25.39
337,Phillips Carbon Black,Basic Materials,1960.0,3603.89,39.78,3528.56,37.95,383.7,67.67,2450.48,16.57,1649.89,19.77,0.0,0.0,111.12,14.13,10.65,15.66,23.26
338,JM Financial,Non-banking Financial Services,1986.0,3578.65,15.57,3556.5,16.16,572.18,-4.77,21805.0,1.25,5131.69,12.67,134.25,8.68,421.61,7.83,15.99,2.62,11.15
339,Gokul Agro Resources,Food & Agri Products,2014.0,3569.63,1.45,3483.67,-0.91,10.88,-29.62,547.12,-3.55,234.67,6.01,0.0,0.0,24.06,9.66,0.3,1.99,4.64
340,Strides Pharma Science,Drugs,1990.0,3565.24,3.56,3011.68,5.85,324.62,-51.15,6511.55,17.18,2648.71,7.51,0.0,0.0,442.58,1.97,9.11,4.99,12.26
341,Avanti Feeds,Food,1993.0,3550.3,0.92,3487.78,2.8,273.63,-38.71,1385.41,17.68,1205.96,16.92,0.0,0.0,100.32,-9.52,7.71,19.75,22.69
342,Gayatri Projects,Engg,1989.0,3535.02,22.51,3463.15,18.91,160.1,0.0,4884.84,12.01,1166.12,15.43,0.0,0.0,119.71,25.35,4.53,3.28,13.73
343,KPR Mill,Textiles & Garments,2003.0,3525.35,13.06,3391.64,12.11,334.87,15.32,2649.35,19.29,1790.17,14.03,0.0,0.0,380.73,26.82,9.5,12.64,18.71
344,Wheels India,Auto Ancillaries,1960.0,3524.32,35.33,3441.33,34.29,76.51,1.9,1162.96,19.46,640.34,9.16,9.43,8.52,335.27,23.15,2.17,6.58,11.95
345,Dhampur Sugar Mills,Sugar,1933.0,3513.57,12.48,2954.06,-11.87,251.04,65.48,3102.2,24.86,1224.7,22.31,28.01,16.9,149.68,18.29,7.14,8.09,20.5
346,JP Morgan Chase Bank,Banking,1945.0,3500.4,28.24,2370.09,50.93,1317.51,26.37,42177.43,21.03,12048.25,23.13,0.0,0.0,179.88,-0.74,37.64,3.12,10.94
347,JK Paper,Paper,1960.0,3494.41,11.98,3492.26,13.1,427.28,63.97,3718.08,23.49,2038.1,24.04,0.0,0.0,262.73,13.3,12.23,11.49,20.96
348,Garden Silk Mills,Textiles & Garments,1979.0,3492.2,12.79,3480.73,14.44,-89.77,0.0,1130.97,28.12,-303.02,41.33,0.0,0.0,126.28,-3.31,-2.57,-7.94,0.0
349,BEML,Capital Goods,1964.0,3480.97,7.2,3474.25,7.26,63.18,-51.28,3100.79,-1.48,2187.37,-0.62,18.74,0.0,805.75,-0.92,1.82,2.04,2.89
350,Kirloskar Brothers,Capital Goods,1920.0,3470.12,22.34,3348.98,20.67,3.48,-92.96,1361.65,-0.33,909.31,-3.52,0.0,0.0,583.82,22.19,0.1,0.26,0.38
351,Persistent Systems,Infotech,1990.0,3453.6,9.54,3365.94,10.95,351.68,8.85,2371.63,10.55,2344.68,10.22,0.0,0.0,1924.95,5.09,10.18,14.83,15.0
352,GHCL,Basic Materials,1983.0,3440.53,18.32,3341.32,14.46,350.58,-1.62,3233.82,10.03,1925.5,19.53,0.0,0.0,201.21,13.89,10.19,10.84,18.21
353,Saraswat Co-operative Bank,Banking,1918.0,3430.04,1.38,3019.3,2.04,291.29,21.03,42547.54,5.74,3612.0,11.79,29.73,-34.99,320.74,1.66,8.49,0.68,8.06
354,AU Small Finance Bank,Small finance bank,1996.0,3410.87,58.26,2948.84,66.87,381.81,30.74,31198.68,74.85,3162.89,38.65,0.0,0.0,601.11,41.47,11.19,1.22,12.07
355,Godawari Power & Ispat,Iron & Steel,1999.0,3399.89,34.89,3321.64,31.43,252.11,21.42,3233.84,0.5,1169.29,26.64,0.0,0.0,117.55,21.5,7.42,7.8,21.56
356,AIA Engineering,Iron & Steel,1991.0,3397.22,31.18,3069.5,25.53,510.83,15.22,3660.3,16.2,3513.7,16.76,0.0,0.0,126.39,11.69,15.04,13.96,14.54
357,IFB Industries,Consumer Durables,1974.0,3395.33,20.08,3314.82,20.47,72.95,-9.9,715.95,12.51,618.39,12.86,0.0,0.0,263.83,21.92,2.15,10.19,11.8
358,DCB Bank,Banking,1995.0,3391.92,24.54,3041.49,26.05,325.37,32.62,34273.92,19.25,2871.23,12.27,0.0,0.0,433.99,13.84,9.59,0.95,11.33
359,India Glycols,Basic Materials,1983.0,3384.62,12.19,3356.6,10.62,132.61,37.38,2374.55,9.66,962.63,13.9,0.0,0.0,100.84,3.89,3.92,5.58,13.78
360,Sintex Industries,Diversified,1931.0,3376.05,5.77,3256.95,13.38,21.52,-84.83,10373.73,4.45,4412.76,0.06,0.0,0.0,178.71,21.66,0.64,0.21,0.49
361,Bharat Dynamics,,,3371.21,-29.97,3069.35,-33.09,422.59,-19.99,2554.7,7.79,2268.54,15.96,96.22,284.88,534.21,0.92,12.54,16.54,18.63
362,Monnet Ispat & Energy,Iron & Steel,1990.0,3338.94,134.45,1884.06,35.85,-3552.11,0.0,4172.28,-24.83,1168.03,-135.64,0.0,0.0,90.35,6.33,-106.38,-85.14,0.0
363,Finolex Cables,Consumer Durables,1967.0,3332.84,11.07,3077.79,9.33,407.47,23.43,2747.05,12.73,2737.08,12.69,0.0,0.0,140.7,3.87,12.23,14.83,14.89
364,Maharashtra Seamless,Iron & Steel,1988.0,3304.59,43.93,3072.71,42.9,234.2,11.14,4158.82,16.29,3070.12,4.78,0.0,0.0,71.33,12.94,7.09,5.63,7.63
365,TAFE Motors & Tractors,Auto,2005.0,3295.7,15.23,3154.68,14.96,335.51,8.18,2420.53,14.1,2386.59,14.27,15.0,7.14,215.09,5.99,10.18,13.86,14.06
366,BGR Energy Systems,Capital Goods,1985.0,3269.97,-0.89,3272.83,-0.77,19.3,17.83,3644.51,-1.99,1176.66,-7.51,0.0,0.0,233.71,6.29,0.59,0.53,1.64
367,Honeywell Automation India,Consumer Durables,1984.0,3260.86,20.09,3174.74,18.02,358.84,43.69,1784.89,24.58,1747.46,23.18,0.0,0.0,539.8,17.77,11.0,20.1,20.53
368,GSK Pharmaceuticals,Drugs,1924.0,3253.64,8.39,3128.12,8.94,445.39,26.99,2457.4,4.66,2139.83,4.01,0.0,0.0,537.2,2.64,13.69,18.12,20.81
369,Bank of America,Banking,1964.0,3251.15,22.46,2320.06,17.25,857.77,16.81,46493.29,34.39,11034.48,38.38,0.0,0.0,347.89,3.64,26.38,1.84,7.77
370,Gujarat Alkalies & Chemicals,Basic Materials,1973.0,3237.25,26.52,3161.38,28.8,690.19,29.13,4639.9,10.41,4295.58,12.42,0.0,0.0,206.96,2.77,21.32,14.88,16.07
371,Finolex Industries,Plastic Products,1981.0,3217.07,13.65,3091.32,12.91,367.25,19.89,2745.36,-7.69,2576.2,-7.83,0.0,0.0,134.43,15.74,11.42,13.38,14.26
372,Blue Dart Express,Transport Logistics,1991.0,3193.64,13.25,3174.4,13.4,89.76,-37.97,1172.29,20.84,577.72,8.63,0.0,0.0,698.36,19.48,2.81,7.66,15.54
373,Cochin Shipyard,Ship Building,1972.0,3188.97,26.58,2962.16,25.78,478.13,20.63,3483.94,2.18,3328.64,2.25,0.0,0.0,277.56,2.27,14.99,13.72,14.36
374,Mangalore Chemicals & Fertilizers,Fert,1966.0,3184.38,11.87,3073.64,14.31,32.88,-45.72,2229.89,19.67,495.16,3.74,0.0,0.0,70.71,3.67,1.03,1.47,6.64
375,SKF India,Auto Ancillaries,1961.0,3170.63,13.45,3034.53,10.33,335.77,13.48,1819.31,-6.72,1696.94,-7.64,0.0,0.0,258.28,9.08,10.59,18.46,19.79
376,Nava Bharat Ventures,Diversified,1972.0,3168.96,34.42,3103.46,32.19,357.55,50.22,8045.85,3.59,3809.98,12.57,0.0,0.0,173.54,17.37,11.28,4.44,9.38
377,Minda Corporation,Auto Ancillaries,1985.0,3161.8,17.17,3092.0,19.22,169.2,18.57,1897.5,27.37,1190.4,61.74,5.7,11.76,509.2,15.39,5.35,8.92,14.21
378,Supreme Petrochem,Basic Materials,1989.0,3146.97,3.45,3193.81,5.52,49.21,-57.62,648.3,-0.35,642.43,-0.49,9.65,0.0,39.66,0.41,1.56,7.59,7.66
379,IFCI,NBFC,1993.0,3134.49,-28.13,2821.46,-34.72,-488.67,0.0,22910.57,-17.33,5356.67,-9.04,0.0,0.0,293.41,-0.61,-15.59,-2.13,0.0
380,PVR,Media & Entertainment,1995.0,3118.7,31.84,3085.56,32.19,183.63,47.26,3023.91,57.77,1239.49,15.26,0.0,0.0,337.26,32.74,5.89,6.07,14.81
381,Venkys (India),Food,1976.0,3108.95,13.59,3043.14,13.29,174.14,-12.8,1162.1,7.35,881.49,22.23,0.0,0.0,194.49,13.91,5.6,14.98,19.76
382,SJVN,Power,1988.0,3107.15,17.56,2661.97,19.19,1366.56,11.59,14288.23,3.78,11246.24,5.1,589.47,-25.0,316.41,18.64,43.98,9.56,12.15
383,Lakshmi Vilas Bank,Banking,1926.0,3090.21,-8.8,2839.89,-6.63,-894.1,0.0,32093.28,-19.06,1710.97,-20.8,0.0,0.0,401.66,2.43,-28.93,-2.79,0.0
384,Bata India,Leather,1931.0,3079.06,12.49,2931.1,11.27,328.99,49.2,1844.36,16.69,1741.84,18.12,0.0,0.0,331.08,12.0,10.68,17.84,18.89
385,Jai Balaji Industries,Iron & Steel,1999.0,3079.04,29.19,3077.47,28.8,-153.68,0.0,2058.46,-1.21,-1579.95,10.74,0.0,0.0,81.81,18.72,-4.99,-7.47,0.0
386,Oberoi Realty,Real Estate,1998.0,3073.39,72.09,2582.5,104.09,816.93,78.06,9788.67,23.88,8029.17,31.79,0.0,0.0,136.22,3.21,26.58,8.35,10.17
387,Trent,Retail Trade,1952.0,3058.57,25.9,2869.52,22.28,96.96,11.49,2153.83,7.6,1646.51,3.21,0.0,0.0,286.81,24.44,3.17,4.5,5.89
388,Infinite Computer Solutions India,Infotech,1999.0,3056.3,9.14,3030.77,8.56,101.29,-9.32,1288.81,11.12,1123.73,14.11,0.0,0.0,2630.5,9.89,3.31,7.86,9.01
389,Page Industries,Textiles & Garments,1994.0,3048.66,21.51,2852.2,11.79,393.94,13.53,869.1,-6.44,774.99,-8.53,377.0,252.07,467.48,14.99,12.92,45.33,50.83
390,Tata SIA Airlines,Airline services,2013.0,3045.55,38.35,2994.38,41.73,-830.81,0.0,1902.19,400.89,1455.91,1522.36,0.0,0.0,395.34,43.38,-27.28,-43.68,0.0
391,P&G Hygiene and Health Care,FMCG,1964.0,3037.57,25.64,2946.5,20.01,419.13,11.89,974.56,14.09,909.06,12.86,0.0,0.0,132.38,14.88,13.8,43.01,46.11
392,Kajaria Ceramics,Consumer Durables,1985.0,3010.74,10.08,2956.2,9.06,226.57,-3.57,1768.26,10.84,1574.9,16.57,0.0,0.0,345.45,8.75,7.53,12.81,14.39
393,Asahi India Glass,Auto Ancillaries,1984.0,2998.36,12.94,2913.04,10.64,190.18,7.22,2877.85,12.68,1215.69,13.03,0.0,0.0,279.81,4.47,6.34,6.61,15.64
394,JBF Industries,Textiles & Garments,1982.0,2997.0,-15.38,2958.27,-15.51,-758.09,0.0,3144.67,-19.2,703.69,-52.02,0.0,0.0,79.38,-17.97,-25.29,-24.11,0.0
395,Sonata Software,Infotech,1994.0,2990.91,19.61,2960.9,20.66,249.26,29.47,827.38,18.25,768.26,17.6,49.33,26.75,568.86,10.73,8.33,30.13,32.44
396,Akzo Nobel India,FMCG,1954.0,2975.7,1.37,2918.4,7.32,211.0,-47.26,1213.4,-10.63,1135.1,-11.99,0.0,0.0,265.6,-5.21,7.09,17.39,18.59
397,Dixon Technologies (India),Consumer Durables,1993.0,2975.42,3.29,2984.45,5.03,63.36,4.04,682.51,87.91,378.22,20.08,0.0,0.0,83.87,15.29,2.13,9.28,16.75
398,RSWM,Textiles & Garments,1960.0,2941.05,-2.62,2962.02,0.76,-38.29,0.0,2306.57,-8.18,784.72,-12.88,0.0,0.0,350.69,-3.79,-1.3,-1.66,0.0
399,MEP Infrastructure Developers,Infra Development,2002.0,2939.46,20.12,2814.91,21.23,56.28,-20.7,3397.94,-4.08,265.51,343.77,0.0,0.0,120.9,41.9,1.91,1.66,21.2
400,WABCO India,Auto Ancillaries,2004.0,2938.99,14.38,2854.14,10.91,282.17,3.42,1811.16,16.66,1779.97,16.65,0.0,0.0,248.33,10.63,9.6,15.58,15.85
401,Forbes & Company,Diversified,1919.0,2935.02,2.02,2853.42,1.1,6.96,0.0,1619.89,-10.41,263.64,-16.52,0.0,0.0,686.27,-0.49,0.24,0.43,2.64
402,Sanofi India,Drugs,1956.0,2918.5,19.47,2768.3,12.54,380.6,16.75,2268.3,9.43,2219.2,9.51,41.5,0.0,406.8,10.39,13.04,16.78,17.15
403,Konkan Railway Corporation,Transport Logistics,1990.0,2898.68,16.72,2825.4,15.92,101.87,-17.0,4284.15,12.66,2068.1,12.91,0.0,0.0,480.7,17.48,3.51,2.38,4.93
404,Narayana Hrudayalaya,Healthcare,2000.0,2877.16,24.46,2860.92,25.43,59.17,15.23,2166.98,3.64,1081.14,4.38,0.0,0.0,624.05,34.01,2.06,2.73,5.47
405,Filatex India,Textile & Garments,1990.0,2874.7,47.26,2874.1,49.1,84.98,42.25,1115.74,-1.39,472.08,22.5,0.0,0.0,63.24,29.72,2.96,7.62,18.0
406,Shirpur Gold Refinery,Metals & Mining,1984.0,2872.21,173.1,2864.8,175.98,21.32,48.78,938.92,27.15,360.41,7.01,0.0,0.0,3.7,-11.48,0.74,2.27,5.92
407,Deepak Nitrite,Basic Materials,1970.0,2868.63,73.54,2699.92,63.49,173.66,119.77,2283.35,18.08,1071.59,16.21,17.73,13.0,179.77,32.04,6.05,7.61,16.21
408,PI Industries,Fert,1946.0,2850.4,22.35,2840.9,24.76,410.2,11.59,2382.6,16.24,2285.4,18.73,34.5,67.48,264.7,8.89,14.39,17.22,17.95
409,J Kumar Infraprojects,Real Estate,1999.0,2846.16,31.1,2787.09,35.91,177.07,29.67,2358.98,12.92,1667.5,10.52,0.0,0.0,247.71,25.69,6.22,7.51,10.62
410,Himatsingka Seide,Textiles & Garments,1985.0,2840.04,15.9,2617.65,16.39,196.84,-2.38,4516.16,21.19,1421.06,15.77,0.0,0.0,263.61,19.76,6.93,4.36,13.85
411,Nectar Lifescience,Drugs,1995.0,2839.34,48.49,2782.87,48.32,47.6,-8.93,2030.78,-0.51,1105.17,4.39,0.0,0.0,76.54,2.53,1.68,2.34,4.31
412,Electrosteel Castings,Iron & Steel,1955.0,2835.69,20.4,2699.44,19.28,38.17,-69.23,4622.13,4.63,2638.53,6.45,0.0,0.0,250.93,9.01,1.35,0.83,1.45
413,Ratnamani Metals & Tubes,Iron & Steel,1983.0,2829.39,49.39,2754.9,55.93,252.92,66.65,1595.45,14.97,1522.76,16.34,0.0,0.0,129.09,18.24,8.94,15.85,16.61
414,Lakshmi Machine Works,Textiles & Garments,1962.0,2816.08,2.56,2711.77,2.6,185.38,-13.63,1763.73,-4.39,1710.3,-2.08,0.0,0.0,315.54,14.54,6.58,10.51,10.84
415,Transport Corporation of India,Transport Logistics,1995.0,2798.24,17.24,2753.64,17.18,144.4,17.24,1369.45,13.38,891.96,17.09,13.8,12.65,140.17,12.6,5.16,10.54,16.19
416,Redington India,Consumer Durables,1961.0,2786.54,14.12,1937.16,-28.37,507.78,5.43,5662.15,4.29,3905.98,10.63,0.0,0.0,724.2,10.91,18.22,8.97,13.0
417,Va Tech Wabag,Capital Goods,1995.0,2785.93,-19.59,2780.96,-19.56,105.02,-20.14,1859.7,0.28,1068.91,-5.29,0.0,0.0,250.16,-4.15,3.77,5.65,9.82
418,Galaxy Surfactants,FMCG,1986.0,2775.59,13.29,2762.99,13.52,190.98,20.85,1185.57,10.39,876.73,21.98,17.73,0.0,164.64,12.74,6.88,16.11,21.78
419,Carborundum Universal,Fert,1954.0,2762.87,15.71,2688.9,13.24,247.68,14.88,1882.76,6.71,1724.11,10.21,28.37,50.19,327.32,5.28,8.96,13.16,14.37
420,Essel Propack,Packaging,1982.0,2747.71,11.38,2706.93,11.68,192.53,12.2,2058.35,1.62,1387.96,10.98,0.0,0.0,500.56,15.39,7.01,9.35,13.87
421,Amber Enterprises India,Consumer Durables,,2744.71,30.11,2717.59,28.33,93.66,50.31,1283.41,23.88,986.15,10.46,0.0,0.0,58.76,25.56,3.41,7.3,9.5
422,HSIL,Consumer Durables,1960.0,2742.91,17.32,2712.37,20.4,70.05,-5.47,2751.77,-1.1,1512.81,1.7,0.0,0.0,360.54,16.67,2.55,2.55,4.63
423,Emami,FMCG,1983.0,2742.36,7.06,2692.94,6.42,303.23,-1.27,2236.26,-6.75,2076.06,3.1,0.0,0.0,279.72,9.84,11.06,13.56,14.61
424,Canon India,Consumer durables,1996.0,2742.01,9.7,2610.64,6.5,62.85,-44.22,662.08,13.29,611.18,11.91,0.0,0.0,204.15,11.49,2.29,9.49,10.28
425,Bayer CropScience,Fert,1958.0,2725.6,1.56,2685.7,-0.89,237.6,-20.83,1997.1,7.23,1883.4,5.91,0.0,0.0,321.2,21.71,8.72,11.9,12.62
426,Mahanagar Telephone Nigam,Telecommunication,1986.0,2721.5,-15.43,2085.41,-15.63,-3388.07,0.0,11391.18,-18.21,-9727.83,53.63,0.0,0.0,2440.77,-7.65,-124.49,-29.74,0.0
427,Rane Holdings,Auto Ancillaries,1936.0,2716.05,7.81,2553.44,8.91,103.73,-20.39,1716.81,8.51,865.67,7.67,0.0,0.0,445.94,9.63,3.82,6.04,11.98
428,Engineers India,Engg,1965.0,2698.11,34.87,2475.8,35.71,369.55,-3.59,2360.38,-0.34,2347.32,0.26,205.37,30.0,777.98,1.14,13.7,15.66,15.74
429,Orient Cement,Cement,2011.0,2690.62,11.92,2672.91,12.65,47.55,7.53,2386.65,0.09,1053.51,3.07,0.0,0.0,154.77,11.77,1.77,1.99,4.51
430,Godfrey Phillips India,FMCG,1936.0,2678.67,13.44,2585.64,7.0,260.31,63.6,2137.95,11.87,2038.72,13.68,0.0,0.0,280.7,17.46,9.72,12.18,12.77
431,Prime Focus,Media & Entertainment,1997.0,2663.74,16.22,2540.25,12.53,-22.71,0.0,3292.04,27.19,528.37,-8.2,0.0,0.0,1591.91,21.27,-0.85,-0.69,0.0
432,V-Guard Industries,Consumer Durables,1996.0,2658.64,12.4,2594.01,11.54,167.24,24.56,931.2,20.84,899.41,19.98,0.0,0.0,205.4,19.44,6.29,17.96,18.59
433,Shankara Building Products,Retail trade,1995.0,2655.24,0.67,2654.1,4.14,32.74,-55.63,676.88,-3.85,479.04,5.12,0.0,0.0,64.27,14.87,1.23,4.84,6.83
434,Birlasoft,Infotech,1990.0,2651.09,13.45,2550.67,13.37,289.47,14.48,1821.28,-17.77,1713.55,-5.69,0.0,0.0,1535.19,13.91,10.92,15.89,16.89
435,Vindhya Telelinks,Capital Goods,1983.0,2634.8,64.84,2095.37,56.07,275.61,79.66,3248.33,25.13,2185.67,15.72,0.0,0.0,87.18,38.45,10.46,8.48,12.61
436,Southern Petrochemical Industries Corporation,Fert,1969.0,2631.61,30.08,2637.42,30.68,62.99,38.71,800.05,25.69,370.81,7.65,0.0,0.0,61.97,17.35,2.39,7.87,16.99
437,Patel Engineering,Engg,1949.0,2627.19,1.42,2362.21,3.85,154.15,47.1,5793.94,4.05,2276.71,5.41,0.0,0.0,167.63,11.04,5.87,2.66,6.77
438,Sutlej Textiles and Industries,Textiles & Garments,2005.0,2623.97,1.86,2613.77,5.55,58.26,-48.61,1894.2,-4.21,941.84,3.85,0.0,0.0,329.96,8.97,2.22,3.08,6.19
439,Heritage Foods,Food,1992.0,2621.6,-7.02,2514.75,5.97,81.43,29.73,1415.37,-5.63,802.56,3.2,0.0,0.0,141.83,14.21,3.11,5.75,10.15
440,Usha Martin,Iron & Steel,1986.0,2594.43,20.54,2469.52,19.55,47.98,0.0,6391.19,29.42,782.01,7.56,0.0,0.0,278.91,12.1,1.85,0.75,6.14
441,Brightcom Group,Infotech,1999.0,2577.73,6.51,2580.24,6.59,443.98,9.08,3079.76,5.82,3003.76,6.32,0.0,0.0,158.51,7.52,17.22,14.42,14.78
442,Dhunseri Investments,Holding company,1997.0,2575.63,-13.38,2672.1,-4.73,87.74,-11.5,1598.41,-28.9,846.66,13.38,0.91,0.0,34.34,3.43,3.41,5.49,10.36
443,Astral Poly Technik,Plastic Products,1996.0,2564.8,21.88,2507.29,20.95,195.81,11.83,1571.04,28.51,1276.46,25.51,0.0,0.0,139.13,30.65,7.63,12.46,15.34
444,Wall Street Finance,Foreign exchange dealer,1986.0,2563.37,46.63,2562.4,46.83,0.11,-99.6,49.28,-9.49,39.17,1.08,0.0,0.0,10.4,-12.01,0.0,0.22,0.28
445,ITD Cementation India,Engg,1978.0,2551.53,16.71,2532.06,22.88,65.5,-10.06,1570.85,40.52,1020.87,65.38,0.0,0.0,318.49,23.75,2.57,4.17,6.42
446,Avadh Sugar & Energy,Sugar,2015.0,2549.0,10.47,2130.17,-8.8,119.87,35.97,2083.53,19.26,508.52,30.06,0.0,0.0,85.09,8.85,4.7,5.75,23.57
447,The Fertilizers & Chemicals Travancore,Fertilisers & Agro Chemicals,1943.0,2543.74,23.12,2010.01,0.81,163.14,0.0,997.03,23.14,-1457.71,-11.05,0.0,0.0,230.15,-7.73,6.41,16.36,0.0
448,BNP Paribas,Banking,1860.0,2538.15,1.93,2293.88,7.41,414.03,7.23,31149.56,-14.94,6782.17,11.6,0.0,0.0,169.24,-4.72,16.31,1.33,6.1
449,Magma Fincorp,NBFC,1978.0,2514.06,7.91,2456.99,7.27,304.01,28.33,15948.31,12.5,2743.88,39.14,18.96,0.0,436.64,18.64,12.09,1.91,11.08
450,TVS Srichakra,Tyres & Tubes,1982.0,2510.2,17.91,2430.98,12.95,102.94,-11.37,1253.57,19.47,728.26,13.99,0.0,0.0,269.27,15.24,4.1,8.21,14.14
451,DB Corp,Media,1995.0,2478.41,5.99,2462.7,6.56,273.84,-15.47,1941.74,-4.62,1826.93,-5.3,34.98,0.0,435.07,-0.31,11.05,14.1,14.99
452,Motilal Oswal Financial Services,Securities Trading,2005.0,2468.23,-10.32,2463.35,-10.47,293.97,-52.76,8239.67,-0.45,3053.44,5.81,125.05,23.46,501.77,1.97,11.91,3.57,9.63
453,Montecarlo,Infra development,1995.0,2468.01,27.65,2456.2,27.05,145.75,-8.33,1262.17,16.6,737.06,24.22,0.0,0.0,129.59,12.72,5.91,11.55,19.77
454,Siyaram Silk Mills,Textiles & Garments,1978.0,2467.4,-2.74,2442.19,0.79,99.09,-10.58,1269.94,-2.96,754.9,11.3,10.31,0.0,198.21,4.44,4.02,7.8,13.13
455,Solar Industries India,Basic Materials,1995.0,2466.15,25.46,2461.57,28.47,261.61,18.62,1889.96,14.57,1238.33,14.25,0.0,0.0,174.06,30.4,10.61,13.84,21.13
456,Jayant Agro Organics,Fert,1992.0,2465.02,-3.94,2433.34,-4.55,55.8,4.36,847.53,-5.63,376.78,16.91,0.98,-49.74,38.64,8.88,2.26,6.58,14.81
457,Himadri Speciality Chemical,Basic materials,1987.0,2447.34,19.84,2422.39,19.83,324.29,31.05,2114.92,1.52,1631.79,15.35,0.0,0.0,59.56,23.08,13.25,15.33,19.87
458,Granules India,Drugs & Pharmaceuticals,1991.0,2438.04,41.91,2279.2,35.29,236.41,78.3,2533.23,10.61,1529.47,17.28,0.0,0.0,209.82,27.0,9.7,9.33,15.46
459,HT Media,Media,2002.0,2435.92,-5.93,2193.87,-4.59,-45.4,0.0,3970.21,-2.93,2474.95,-2.71,0.0,0.0,381.99,-25.56,-1.86,-1.14,0.0
460,Hindusthan National Glass & Industries,Packaging,1946.0,2424.71,30.98,2403.52,24.71,-172.95,0.0,2405.5,-11.24,-21.55,-113.52,0.0,0.0,206.12,3.23,-7.13,-7.19,0.0
461,Dalmia Bharat Sugar & Industries,Cement,1951.0,2421.21,17.86,2018.51,-10.06,175.15,43.21,2611.58,13.25,1531.7,1.8,0.0,0.0,118.66,9.17,7.23,6.71,11.44
462,Nilkamal,Consumer Durables,1985.0,2421.08,13.03,2362.36,11.22,117.33,-4.97,1071.75,6.15,937.0,10.97,5.97,0.0,186.66,7.85,4.85,10.95,12.52
463,Parag Milk Foods,FMCG,1992.0,2417.91,22.63,2395.66,22.57,120.72,38.66,1071.85,5.73,827.14,16.14,0.0,0.0,94.99,29.2,4.99,11.26,14.59
464,3M India,Consumer Durables,1987.0,2415.06,8.37,2331.65,8.02,366.18,9.85,1475.53,34.08,1432.84,34.32,0.0,0.0,330.21,-7.26,15.16,24.82,25.56
465,Jagran Prakashan,Media,1975.0,2403.92,2.26,2362.65,2.55,260.55,-13.11,2534.32,3.22,1875.71,-8.04,0.0,0.0,419.23,4.73,10.84,10.28,13.89
466,Religare Enterprises,NBFC,1984.0,2401.72,-12.2,2370.93,-11.35,-1287.17,0.0,8571.51,-33.28,833.05,-54.64,0.0,0.0,517.63,3.86,-53.59,-15.02,0.0
467,Huhtamaki PPL,Packaging,1950.0,2397.38,11.96,2369.07,11.17,34.88,-45.17,974.97,0.45,556.48,1.35,0.0,0.0,235.17,12.46,1.45,3.58,6.27
468,Sarda Energy & Minerals,Iron & Steel,1973.0,2379.12,6.31,2323.89,6.91,203.18,0.34,3277.89,6.65,1778.02,12.78,0.0,0.0,87.35,13.27,8.54,6.2,11.43
469,KNR Constructions,Engineering & Construction,1995.0,2370.24,11.83,2291.5,10.72,270.51,11.1,2155.27,12.96,1310.82,25.11,0.0,0.0,94.77,28.14,11.41,12.55,20.64
470,Relaxo Footwears,Leather,1984.0,2360.3,20.48,2292.08,18.08,175.44,8.92,1226.08,32.87,1105.07,45.17,0.0,0.0,258.66,20.82,7.43,14.31,15.88
471,Johnson Controls-Hitachi Air Condition. India,Consumer durables,1984.0,2359.17,7.22,2241.3,2.56,85.94,-14.19,864.95,44.93,612.99,14.53,0.0,0.0,165.15,17.14,3.64,9.94,14.02
472,Equitas Holdings,Micro Finance,2007.0,2358.53,32.53,2275.3,38.12,176.59,1190.86,15252.76,17.21,2443.7,8.6,0.0,0.0,567.66,3.24,7.49,1.16,7.23
473,Phoenix Mills,Real Estate,1905.0,2356.8,36.99,1981.56,22.33,421.02,73.72,9125.39,26.25,3474.12,21.82,0.0,0.0,161.5,9.66,17.86,4.61,12.12
474,Nahar Spinning Mills,Textiles & Garments,1980.0,2350.18,11.06,2305.2,8.06,65.12,0.0,1764.19,-2.8,876.96,7.14,0.0,0.0,220.19,7.68,2.77,3.69,7.43
475,Asian Star Company,Gems & Jewellery,1995.0,2348.43,-10.81,2307.21,-12.42,114.93,5.31,1778.35,-3.58,1073.52,9.12,0.0,0.0,57.44,-14.17,4.89,6.46,10.71
476,Sandhar Technologies,Consumer Durables,1987.0,2345.9,19.45,2335.82,20.01,95.16,46.35,1004.88,-11.19,719.59,13.46,7.79,-23.85,311.69,17.71,4.06,9.47,13.22
477,Rites,Engineering & Construction,1974.0,2343.7,45.52,2047.45,36.73,469.51,37.09,2728.78,5.22,2422.1,9.42,175.0,150.0,487.09,6.18,20.03,17.21,19.38
478,Sunflag Iron & Steel Company,Iron & Steel,1984.0,2341.52,11.13,2229.49,7.47,110.25,-14.3,1340.3,9.71,940.14,12.33,0.0,0.0,102.08,-0.48,4.71,8.23,11.73
479,Laurus Labs,Drugs & Pharmaceuticals,2005.0,2340.06,10.9,2291.92,11.47,93.76,-44.06,2684.5,5.35,1558.41,5.11,0.0,0.0,276.33,16.04,4.01,3.49,6.02
480,Pfizer,Drugs,1950.0,2339.77,13.84,2081.5,5.74,429.05,19.16,3048.57,11.94,3011.34,12.23,0.0,0.0,323.84,3.04,18.34,14.07,14.25
481,Century Plyboards (India),Basic Materials,1982.0,2312.74,10.76,2280.39,12.67,148.45,-8.96,1534.87,5.74,974.92,14.49,0.0,0.0,345.61,10.45,6.42,9.67,15.23
482,Omaxe,Real Estate,1989.0,2298.56,-4.17,1166.51,-36.57,49.01,-41.65,3785.91,-10.08,1740.43,-20.78,0.0,0.0,101.58,17.95,2.13,1.29,2.82
483,Savita Oil Technologies, Lubricants,1961.0,2297.93,28.87,2262.52,26.92,114.27,-9.45,860.88,14.25,851.6,14.72,0.0,0.0,52.11,11.42,4.97,13.27,13.42
484,Power Mech Projects,Capital Goods,1999.0,2273.82,45.47,2261.3,46.09,121.62,53.1,1311.34,19.98,819.35,17.31,0.0,0.0,393.18,25.95,5.35,9.27,14.84
485,Mcleod Russel India,Tea & Coffee,1998.0,2266.94,-7.16,1719.66,-16.33,31.85,-84.68,3877.8,16.04,1689.84,-7.59,0.0,0.0,819.95,-9.57,1.4,0.82,1.88
486,Natco Pharma,Drugs & Pharmaceuticals,1981.0,2258.6,0.36,2094.5,-4.13,644.4,-7.44,3949.1,20.31,3489.0,13.57,91.9,-39.1,355.9,9.31,28.53,16.32,18.47
487,Kirloskar Industries,NBFC,1978.0,2250.76,17.21,2222.09,21.67,84.08,69.48,1845.65,-15.51,1365.69,-23.67,20.39,4.99,100.15,10.81,3.74,4.56,6.16
488,HIL,Cement,1946.0,2246.86,76.58,2208.02,72.54,101.4,25.57,1338.99,108.15,637.19,12.55,9.34,25.2,251.11,140.76,4.51,7.57,15.91
489,Meghmani Organics,Basic Materials,1994.0,2233.89,21.67,2087.86,16.02,251.27,46.67,1884.48,27.08,1003.6,15.28,15.26,0.0,79.99,20.03,11.25,13.33,25.04
490,Jamna Auto Industries,Auto Ancillaries,1965.0,2216.47,27.03,2134.81,22.82,137.45,9.69,542.02,5.68,509.55,20.21,19.92,66.69,158.03,23.94,6.2,25.36,26.97
491,Jindal Worldwide,Textiles & Garments,1986.0,2205.39,24.79,2211.98,34.07,30.03,-48.75,1004.6,11.37,349.66,9.13,0.0,0.0,29.45,155.2,1.36,2.99,8.59
492,Linde India,Basic Materials,1935.0,2203.12,7.87,2191.65,7.8,25.69,58.68,2741.24,-2.3,1461.87,0.78,0.0,0.0,127.29,9.31,1.17,0.94,1.76
493,Sheela Foam,Textiles & garments,1971.0,2182.21,9.01,2141.45,8.96,133.74,0.02,838.27,17.19,730.1,22.24,0.0,0.0,177.32,9.02,6.13,15.95,18.32
494,HeidelbergCement India,Cement,1958.0,2173.35,14.64,2133.35,12.91,220.66,65.69,1776.86,2.01,1171.19,11.93,0.0,0.0,123.9,3.12,10.15,12.42,18.84
495,Kirloskar Ferrous Industries,Iron & Steel,1991.0,2173.27,22.78,2159.15,22.32,98.11,158.18,787.45,18.14,658.11,11.08,13.77,0.0,93.74,16.22,4.51,12.46,14.91
496,Rolta India,Infotech,1989.0,2172.03,-24.79,2161.29,-24.45,-3657.42,0.0,6449.38,-29.55,-1298.38,-152.18,0.0,0.0,537.9,-6.72,-168.39,-56.71,0.0
497,Pennar Industries,Iron & Steel,1975.0,2168.5,17.88,2133.11,20.65,66.44,-25.67,1132.84,16.01,667.49,10.5,0.0,0.0,152.93,24.58,3.06,5.86,9.95
498,Cosmo Films,Packaging,1976.0,2163.68,14.51,2156.52,16.79,61.11,-5.15,1548.66,5.14,680.24,9.78,0.0,0.0,131.4,1.09,2.82,3.95,8.98
499,TTK Prestige,Consumer Durables,1955.0,2162.79,5.63,2106.91,12.59,192.35,-27.0,1259.75,9.14,1164.14,14.41,0.0,0.0,185.98,17.23,8.89,15.27,16.52
